date,date_pretty,day_description,morning_prayers_together,evening_prayers_together
2020/12/01,"Tuesday, December 1, 2020",Week of 1st Sunday of Advent,Psalm 80; Isaiah 43:1–13; Revelation 20,Psalm 74; Isaiah 26:1–13; Matthew 12:22–37
2020/12/02,"Wednesday, December 2, 2020",Week of 1st Sunday of Advent,Psalm 7; Isaiah 43:14–end; Revelation 21:1–8,Psalm 77; Isaiah 28:1–13; Matthew 12:38–end
2020/12/03,"Thursday, December 3, 2020",Week of 1st Sunday of Advent,Psalm 42; Isaiah 44:1–8; Revelation 21:9–21,Psalm 40; Isaiah 28:14–end; Matthew 13:1–23
2020/12/04,"Friday, December 4, 2020",Week of 1st Sunday of Advent,Psalm 25; Isaiah 44:9–23; Revelation 21:22–22:5,Psalm 17; Isaiah 29:1–14; Matthew 13:24–43
2020/12/05,"Saturday, December 5, 2020",Week of 1st Sunday of Advent,Psalm 9; Isaiah 44:24–45:13; Revelation 22:6–end,Psalm 27; Isaiah 29:15–end; Matthew 13:44–end
2020/12/06,"Sunday, December 6, 2020",2nd Sunday of Advent,Psalm 80; Zephaniah 3:14-20; Luke 1:5-20,Psalm 40; 1 Kings 22:1-28; Romans 15:4-13
2020/12/07,"Monday, December 7, 2020",Week of 2nd Sunday of Advent,Psalm 44; Isaiah 45:14–end; 1 Thessalonians 1,Psalm 144; Isaiah 30:1–18; Matthew 14:1–12
2020/12/08,"Tuesday, December 8, 2020",Week of 2nd Sunday of Advent,Psalm 56; Isaiah 46; 1 Thessalonians 2:1–12,Psalm 11; Isaiah 30:19–end; Matthew 14:13–end
2020/12/09,"Wednesday, December 9, 2020",Week of 2nd Sunday of Advent,Psalm 62; Isaiah 47; 1 Thessalonians 2:13–end,Psalm 10; Isaiah 31; Matthew 15:1–20
2020/12/10,"Thursday, December 10, 2020",Week of 2nd Sunday of Advent,Psalm 54; Isaiah 48:1–11; 1 Thessalonians 3,Psalm 73; Isaiah 32; Matthew 15:21–28
2020/12/11,"Friday, December 11, 2020",Week of 2nd Sunday of Advent,Psalm 86; Isaiah 48:12–end; 1 Thessalonians 4:1–12,Psalm 90; Isaiah 33:1–22; Matthew 15:29–end
2020/12/12,"Saturday, December 12, 2020",Week of 2nd Sunday of Advent,Psalm 145; Isaiah 49:1–13; 1 Thessalonians 4:13–end,Psalm 94; Isaiah 35; Matthew 16:1–12
2020/12/13,"Sunday, December 13, 2020",3rd Sunday of Advent,"Psalm 50:1-6,62; Isaiah 12; Luke 1:57-66",Psalm 68:1-19; Malachi 3:1-4;4; Philippians 4:4-7
2020/12/14,"Monday, December 14, 2020",Week of 3rd Sunday of Advent,Psalm 40; Isaiah 49:14–25; 1 Thessalonians 5:1–11,"Psalm 26; Isaiah 38:1–8,38:21–22 ; Matthew 16:13–end"
2020/12/15,"Tuesday, December 15, 2020",Week of 3rd Sunday of Advent,Psalm 70; Isaiah 50; 1 Thessalonians 5:12–end,Psalm 50; Isaiah 38:9–20 ; Matthew 17:1–13
2020/12/16,"Wednesday, December 16, 2020",Week of 3rd Sunday of Advent,Psalm 75; Isaiah 51:1–8; 2 Thessalonians 1,Psalm 82; Isaiah 39; Matthew 17:14–21
2020/12/17,"Thursday, December 17, 2020",Week of 3rd Sunday of Advent,Psalm 76; Isaiah 51:9–16; 2 Thessalonians 2,Psalm 44; Zephaniah 1:1–2:3; Matthew 17:22–end
2020/12/18,"Friday, December 18, 2020",Week of 3rd Sunday of Advent,Psalm 98; Isaiah 51:17–end; 2 Thessalonians 3,Psalm 49; Zephaniah 3:1–13; Matthew 18:1–20
2020/12/19,"Saturday, December 19, 2020",Week of 3rd Sunday of Advent,Psalm 146; Isaiah 52:1–12; Jude,Psalm 57; Zephaniah 3:14–end; Matthew 18:21–end
2020/12/20,"Sunday, December 20, 2020",4th Sunday of Advent,Psalm 144; Isaiah 7:10-16; Romans 1:1-7,Psalm 113; Zechariah 2:10-13; Luke 1:39-55
2020/12/21,"Monday, December 21, 2020",Week of 4th Sunday of Advent,Psalm 121; Isaiah 52:13–end; Isaiah 53; 2 Peter 1:1–15,"Psalm 84; Malachi 1:1,1:6–end; Matthew 19:1–12"
2020/12/22,"Tuesday, December 22, 2020",Week of 4th Sunday of Advent,Psalm 124; Isaiah 54; 2 Peter 1:16–2:3,Psalm 48; Malachi 2:1–16; Matthew 19:13–15
2020/12/23,"Wednesday, December 23, 2020",Week of 4th Sunday of Advent,Psalm 130; Isaiah 55; 2 Peter 2:4–end,Psalm 89:1-37; Malachi 2:17–3:12; Matthew 19:16–end
2020/12/24,"Thursday, December 24, 2020",Week of 4th Sunday of Advent,Psalm 45; Isaiah 56:1–8; 2 Peter 3,Psalm 85; Zechariah 2; Revelation 1:1-8
2020/12/25,"Friday, December 25, 2020",Christmas day,Psalm 110; Isaiah 62:1-5; Matthew 1:18-25,Psalm 8; Isaiah 65:17-25; Philippians 2:5-11; Luke 2:1-20
2020/12/26,"Saturday, December 26, 2020","St Stephen, the first Christian Martyr",Psalm 13; Jeremiah 26:12-15; Acts 6,Psalm 86; Genesis 4:1-10; Matthew 23:34-39
2020/12/27,"Sunday, December 27, 2020",St John the Evangelist,Psalm 21;147:12-end; Exodus 33:12-23; 1 John 2:1-11,Psalm 97; Isaiah 6:1-8; 1 John 5:1-12
2020/12/28,"Monday, December 28, 2020",Holy Innocents,Psalm 36; Genesis 37:13-20; Matthew 18:1-10,Psalm 128; Isaiah 49:14-25; Mark 10:13-16
2020/12/29,"Tuesday, December 29, 2020",,Psalm 19; Isaiah 57:15–end; John 1:1–18,Psalm 132; Jonah 1; Colossians 1:1–14
2020/12/30,"Wednesday, December 30, 2020",,Psalm 113; Isaiah 59:1–15a; John 1:19–28,Psalm 65; Jonah 2; Colossians 1:15–23
2020/12/31,"Thursday, December 31, 2020",,Psalm 102; Isaiah 59:15b–end; John 1:29–34,Psalm 90; Jonah 3; Jonah 4; Colossians 1:24–2:7
2021/01/01,"Friday, January 1, 2021",The naming of Jesus,Psalm 103; Genesis 17:1-13; Romans 2:17-29,Psalm 115; Deuteronomy 30:1-20; Acts 3:1-16
2021/01/02,"Saturday, January 2, 2021",,Psalm 18:1-30; Isaiah 60:1–12; John 1:35–42,Psalm 46; Ruth 1; Colossians 2:8–end
2021/01/03,"Sunday, January 3, 2021",,Psalm 87; Zechariah 8:1-8; Luke 2:41-52,Psalm 135; Isaiah 46:3-13; Romans 12:1-8
2021/01/04,"Monday, January 4, 2021",,Psalm 89:1-37; Isaiah 61; John 2:1–12,Psalm 87; Ruth 3; Colossians 3:12–4:1
2021/01/05,"Tuesday, January 5, 2021",,Psalm 48; Isaiah 62; John 2:13–end,Psalm 97; Isaiah 49:1-13; John 4:7-26
2021/01/06,"Wednesday, January 6, 2021",The Epiphany,Psalm 132; Jeremiah 31:7-14; John 1:29-34,Psalm 98; Isaiah 60:1-9; John 2:1-11
2021/01/07,"Thursday, January 7, 2021",,Psalm 99; Isaiah 63:7–end; 1 John 3,Psalm 118; Jeremiah 23:1–8; Matthew 20:1–16
2021/01/08,"Friday, January 8, 2021",,Psalm 46; Isaiah 64; 1 John 4:7–end,Psalm 145; Jeremiah 30:1–17; Matthew 20:17–28
2021/01/09,"Saturday, January 9, 2021",,Psalm 148; Isaiah 65:1–16; 1 John 5:1–12,Psalm 67; Jeremiah 30:18–31:9; Matthew 20:29–end
2021/01/10,"Sunday, January 10, 2021",1st Sunday after the Epiphany,"Psalm 89:19-29; 1 Samuel 16:1-2,13; John 1:29-34",Psalm 46; Isaiah 42:1-9; Ephesians 2:1-10
2021/01/11,"Monday, January 11, 2021",Week of 1st Sunday after the Epiphany,Psalm 2; Amos 1; 1 Corinthians 1:1–17,Psalm 34; Genesis 1:1–19; Matthew 21:1–17
2021/01/12,"Tuesday, January 12, 2021",Week of 1st Sunday after the Epiphany,Psalm 9; Amos 2; 1 Corinthians 1:18–end,Psalm 45; Genesis 1:20–2:3; Matthew 21:18–32
2021/01/13,"Wednesday, January 13, 2021",Week of 1st Sunday after the Epiphany,Psalm 20; Amos 3; 1 Corinthians 2,Psalm 47; Genesis 2:4–end; Matthew 21:33–end
2021/01/14,"Thursday, January 14, 2021",Week of 1st Sunday after the Epiphany,Psalm 21; Amos 4; 1 Corinthians 3,Psalm 61; Genesis 3; Matthew 22:1–14
2021/01/15,"Friday, January 15, 2021",Week of 1st Sunday after the Epiphany,Psalm 67; Amos 5:1–17; 1 Corinthians 4,"Psalm 68; Genesis 4:1–16,4:25–26; Matthew 22:15–33"
2021/01/16,"Saturday, January 16, 2021",Week of 1st Sunday after the Epiphany,Psalm 33; Amos 5:18–end; 1 Corinthians 5,Psalm 85; Genesis 6:1–10; Matthew 22:34–end
2021/01/17,"Sunday, January 17, 2021",2nd Sunday after the Epiphany,Psalm 145:1-12; Isaiah 62:1-5; 1 Corinthians 6:11-20,Psalm 96; Isaiah 60:9-22; Hebrews 6:17–7:10
2021/01/18,"Monday, January 18, 2021",Week of 2nd Sunday after the Epiphany,Psalm 146; Amos 6; 1 Corinthians 6:1–11,Psalm 71; Genesis 6:11–7:10; Matthew 24:1–14
2021/01/19,"Tuesday, January 19, 2021",Week of 2nd Sunday after the Epiphany,Psalm 132; Amos 7; 1 Corinthians 6:12–end,Psalm 89:1-37; Genesis 7:11–end; Matthew 24:15–28
2021/01/20,"Wednesday, January 20, 2021",Week of 2nd Sunday after the Epiphany,Psalm 81; Amos 8; 1 Corinthians 7:1–24,Psalm 97; Genesis 8:1–14; Matthew 24:29–end
2021/01/21,"Thursday, January 21, 2021",Week of 2nd Sunday after the Epiphany,Psalm 76; Amos 9; 1 Corinthians 7:25–end,Psalm 111; Genesis 8:15–9:7; Matthew 25:1–13
2021/01/22,"Friday, January 22, 2021",Week of 2nd Sunday after the Epiphany,Psalm 27; Hosea 1:1–2:1; 1 Corinthians 8,Psalm 73; Genesis 9:8–19; Matthew 25:14–30
2021/01/23,"Saturday, January 23, 2021",Week of 2nd Sunday after the Epiphany,Psalm 122; Hosea 2:2–17; 1 Corinthians 9:1–14,Psalm 61; Genesis 11:1–9; Matthew 25:31–end
2021/01/24,"Sunday, January 24, 2021",3rd Sunday after the Ephiphany,"Psalm 113; Jonah 3:1-5,10; John 3:16-21","Psalm 33*; Jeremiah 3:21–4:2; Titus 2:1-8,11-14"
2021/01/25,"Monday, January 25, 2021",Week of 3rd Sunday after the Ephiphany,Psalm 108; Hosea 2:18–end; Hosea 3; 1 Corinthians 9:15–end,Psalm 138; Genesis 11:27–12:9; Matthew 26:1–16
2021/01/26,"Tuesday, January 26, 2021",Week of 3rd Sunday after the Ephiphany,Psalm 36; Hosea 4:1–16; 1 Corinthians 10:1–13,Psalm 145; Genesis 13:2–end; Matthew 26:17–35
2021/01/27,"Wednesday, January 27, 2021",Week of 3rd Sunday after the Ephiphany,Psalm 46; Hosea 5:1–7; 1 Corinthians 10:14–11:1,Psalm 29; Genesis 14; Matthew 26:36–46
2021/01/28,"Thursday, January 28, 2021",Week of 3rd Sunday after the Ephiphany,Psalm 47; Hosea 5:8–6:6; 1 Corinthians 11:2–16,Psalm 24; Genesis 15; Matthew 26:47–56
2021/01/29,"Friday, January 29, 2021",Week of 3rd Sunday after the Ephiphany,Psalm 65; Hosea 6:7–7:2; 1 Corinthians 11:17–end,Psalm 67; Genesis 16; Matthew 26:57–end
2021/01/30,"Saturday, January 30, 2021",Week of 3rd Sunday after the Ephiphany,Psalm 68; Hosea 8; 1 Corinthians 12:1–11,Psalm 72; Genesis 17:1–22; Matthew 27:1–10
2021/01/31,"Sunday, January 31, 2021",4th Sunday after the Ephiphany,"Psalm 71:1-6,15-17; Jeremiah 1:4-10; Mark 1:40-45",Psalm 34*; 1 Samuel 3:1-20; 1 Corinthians 14:12-20
2021/02/01,"Monday, February 1, 2021",Week of 4th Sunday after the Ephiphany,Psalm 57; Hosea 9; 1 Corinthians 12:12–end,Psalm 20; Genesis 18:1–15; Matthew 27:11–26
2021/02/02,"Tuesday, February 2, 2021",Week of 4th Sunday after the Ephiphany,Psalm 93; Hosea 10; 1 Corinthians 13,Psalm 19; Genesis 18:16–end; Matthew 27:27–44
2021/02/03,"Wednesday, February 3, 2021",Week of 4th Sunday after the Ephiphany,Psalm 95; Hosea 11:1–11; 1 Corinthians 14:1–19,"Psalm 81; Genesis 19:1–3,19:12–29; Matthew 27:45–56"
2021/02/04,"Thursday, February 4, 2021",Week of 4th Sunday after the Ephiphany,Psalm 110; Hosea 11:12–end; Hosea 12; 1 Corinthians 14:20–end,Psalm 86; Genesis 21:1–21; Matthew 27:57–end
2021/02/05,"Friday, February 5, 2021",Week of 4th Sunday after the Ephiphany,Psalm 115; Hosea 13:1–14; 1 Corinthians 16:1–9,Psalm 147; Genesis 22:1–19; Matthew 28:1–15
2021/02/06,"Saturday, February 6, 2021",Week of 4th Sunday after the Ephiphany,Psalm 118; Hosea 14; 1 Corinthians 16:,Psalm 150; Genesis 23; Matthew 28:16–end
2021/02/07,"Sunday, February 7, 2021",2nd Sunday before Lent,"Psalm 2,3; Jeremiah 26:1-16; Acts 3:1-10","Psalm 5; Numbers 13:1-2,27-33; Philippians 2:12-28"
2021/02/08,"Monday, February 8, 2021",Week of 2nd Sunday before Lent,Psalm 30; Ecclesiastes 7:1–14; John 19:1–16,Psalm 28; Genesis 29:31–30:24; 2 Timothy 4:1–8
2021/02/09,"Tuesday, February 9, 2021",Week of 2nd Sunday before Lent,Psalm 36; Ecclesiastes 7:15–end; John 19:17–30,Psalm 33; Genesis 31:1–24; 2 Timothy 4:9–end
2021/02/10,"Wednesday, February 10, 2021",Week of 2nd Sunday before Lent,Psalm 34; Ecclesiastes 8; John 19:31–end,Psalm 119:33-56; Genesis 31:25–32:2; Titus 1
2021/02/11,"Thursday, February 11, 2021",Week of 2nd Sunday before Lent,Psalm 37; Ecclesiastes 9; John 20:1–10,Psalm 40; Genesis 32:3–30; Titus 2
2021/02/12,"Friday, February 12, 2021",Week of 2nd Sunday before Lent,Psalm 31; Ecclesiastes 11:1–8; John 20:11–18,Psalm 35; Genesis 33:1–17; Titus 3
2021/02/13,"Saturday, February 13, 2021",Week of 2nd Sunday before Lent,Psalm 42; Ecclesiastes 11:9–end; Ecclesiastes 12; John 20:19–end,Psalm 46; Genesis 35; Philemon
2021/02/14,"Sunday, February 14, 2021",The Sunday before Lent,"Psalm 7; Jeremiah 30:1-3,10-22; Acts 6",Psalm 6; Numbers 20:2-13; Philippians 3:7-21
2021/02/15,"Monday, February 15, 2021",Week of the Sunday before Lent,Psalm 44; Jeremiah 1; John 3:1–21,Psalm 47; Genesis 37:1–11; Galatians 1
2021/02/16,"Tuesday, February 16, 2021",Shrove Tuesday,Psalm 48; Jeremiah 2:1–13; John 3:22–end,Psalm 50; Genesis 37:12–end; Galatians 2:1–10
2021/02/17,"Wednesday, February 17, 2021",Ash Wednesday,"Psalm 38; Daniel 9:3-6,17-19; 1 Timothy 6:6-19",Psalm 51; Isaiah 1:10-18; Luke 15:11-32
2021/02/18,"Thursday, February 18, 2021",1st day of Lent,Psalm 77; Jeremiah 2:14–32; John 4:1–26,Psalm 74; Genesis 39; Galatians 2:11–end
2021/02/19,"Friday, February 19, 2021",2nd day of Lent,Psalm 3; Jeremiah 3:6–22; John 4:27–42,Psalm 31; Genesis 40; Galatians 3:1–14
2021/02/20,"Saturday, February 20, 2021",3rd day of Lent,Psalm 71; Jeremiah 4:1–18; John 4:43–end,Psalm 73; Genesis 41:1–24; Galatians 3:15–22
2021/02/21,"Sunday, February 21, 2021",1st Sunday of Lent,Psalm 77; Exodus 34:1-10; Romans 10:8b-13,Psalm 119:17-32; Genesis 2:15-17; Romans 5:12-19
2021/02/22,"Monday, February 22, 2021",Week of 1st Sunday of Lent,Psalm 11; Jeremiah 4:19–end; John 5:1–18,Psalm 13; Genesis 41:25–45; Galatians 3:23–4:7
2021/02/23,"Tuesday, February 23, 2021",Week of 1st Sunday of Lent,Psalm 44; Jeremiah 5:1–19; John 5:19–29,Psalm 49; Genesis 41:46–42:5; Galatians 4:8–20
2021/02/24,"Wednesday, February 24, 2021",Week of 1st Sunday of Lent,Psalm 6; Jeremiah 5:20–end; John 5:30–end,Psalm 28; Genesis 42:6–17; Galatians 4:21–5:1
2021/02/25,"Thursday, February 25, 2021",Week of 1st Sunday of Lent,Psalm 42; Jeremiah 6:9–21; John 6:1–15,Psalm 142; Genesis 42:18–28; Galatians 5:2–15
2021/02/26,"Friday, February 26, 2021",Week of 1st Sunday of Lent,Psalm 22; Jeremiah 6:22–end; John 6:16–27,Psalm 55; Genesis 42:29–end; Galatians 5:16–end
2021/02/27,"Saturday, February 27, 2021",Week of 1st Sunday of Lent,Psalm 63; Jeremiah 7:1–20; John 6:27–40,Psalm 4; Genesis 43:1–15; Galatians 6
2021/02/28,"Sunday, February 28, 2021",2nd Sunday of Lent,"Psalm 105:1-6,37-45; Isaiah 51:1-11; Galatians 3:1-9,23-29","Psalm 135*; Genesis 12:1-9; Hebrews 11:1-3,8-16"
2021/03/01,"Monday, March 1, 2021",Week of 2nd Sunday of Lent,Psalm 32; Jeremiah 7:21–end; John 6:41–51,Psalm 17; Genesis 43:16–end; Hebrews 1
2021/03/02,"Tuesday, March 2, 2021",Week of 2nd Sunday of Lent,Psalm 50; Jeremiah 8:1–15; John 6:52–59,Psalm 64; Genesis 44:1–17; Hebrews 2:1–9
2021/03/03,"Wednesday, March 3, 2021",Week of 2nd Sunday of Lent,Psalm 35; Jeremiah 8:18–9:11; John 6:60–end,Psalm 39; Genesis 44:18–end; Hebrews 2:10–end
2021/03/04,"Thursday, March 4, 2021",Week of 2nd Sunday of Lent,Psalm 34; Jeremiah 9:12–24; John 7:1–13,Psalm 59; Genesis 45:1–15; Hebrews 3:1–6
2021/03/05,"Friday, March 5, 2021",Week of 2nd Sunday of Lent,Psalm 41; Jeremiah 10:1–16; John 7:14–24,Psalm 69; Genesis 45:16–end; Hebrews 3:7–end
2021/03/06,"Saturday, March 6, 2021",Week of 2nd Sunday of Lent,Psalm 25; Jeremiah 10:17–24; John 7:25–36,"Psalm 116; Genesis 46:1–7,46:28–end; Hebrews 4:1–13"
2021/03/07,"Sunday, March 7, 2021",3rd Sunday of Lent,Psalm 18:1-25; Jeremiah 38; Philippians 1:1-26,"Psalm 11,12; Exodus 5:1–6:1; Matthew 10:16-22"
2021/03/08,"Monday, March 8, 2021",Week of 3rd Sunday of Lent,Psalm 5; Jeremiah 11:1–17; John 7:37–52,Psalm 17; Genesis 47:1–27; Hebrews 4:14–5:10
2021/03/09,"Tuesday, March 9, 2021",Week of 3rd Sunday of Lent,Psalm 9; Jeremiah 11:18–12:6; John 7:53–8:11,Psalm 64; Genesis 47:28–end; Genesis 48; Hebrews 5:11–6:12
2021/03/10,"Wednesday, March 10, 2021",Week of 3rd Sunday of Lent,Psalm 38; Jeremiah 13:1–11; John 8:12–30,Psalm 39; Genesis 49:1–32; Hebrews 6:13–end
2021/03/11,"Thursday, March 11, 2021",Week of 3rd Sunday of Lent,Psalm 56; Jeremiah 14; John 8:31–47,Psalm 59; Genesis 49:33–end; Genesis 50; Hebrews 7:1–10
2021/03/12,"Friday, March 12, 2021",Week of 3rd Sunday of Lent,Psalm 22; Jeremiah 15:10–end; John 8:48–end,Psalm 69; Exodus 1:1–14; Hebrews 7:11–end
2021/03/13,"Saturday, March 13, 2021",Week of 3rd Sunday of Lent,Psalm 31; Jeremiah 16:10–17:4; John 9:1–17,Psalm 116; Exodus 1:22–2:10; Hebrews 8
2021/03/14,"Sunday, March 14, 2021",4th Sunday of Lent,Psalm 27; 1 Samuel 16:1-13; John 9:1-25,"Psalm 13,14; Exodus 6:2-13; Romans 5:1-11"
2021/03/15,"Monday, March 15, 2021",Week of 4th Sunday of Lent,Psalm 77; Jeremiah 17:5–18; John 9:18–end,Psalm 25; Exodus 2:11–22; Hebrews 9:1–14
2021/03/16,"Tuesday, March 16, 2021",Week of 4th Sunday of Lent,Psalm 79; Jeremiah 18:1–12; John 10:1–10,Psalm 80; Exodus 2:23–3:20; Hebrews 9:15–end
2021/03/17,"Wednesday, March 17, 2021",Week of 4th Sunday of Lent,Psalm 90; Jeremiah 18:13–end; John 10:11–21,Psalm 91; Exodus 4:1–23; Hebrews 10:1–18
2021/03/18,"Thursday, March 18, 2021",Week of 4th Sunday of Lent,Psalm 86; Jeremiah 19:1–13; John 10:22–end,Psalm 94; Exodus 4:27–6:1; Hebrews 10:19–25
2021/03/19,"Friday, March 19, 2021",Week of 4th Sunday of Lent,Psalm 102; Jeremiah 19:14–20:6; John 11:1–16,Psalm 16; Exodus 6:2–13; Hebrews 10:26–end
2021/03/20,"Saturday, March 20, 2021",Week of 4th Sunday of Lent,Psalm 32; Jeremiah 20:7–end; John 11:17–27,Psalm 140; Exodus 7:8–end; Hebrews 11:1–16
2021/03/21,"Sunday, March 21, 2021",5th Sunday of Lent,Psalm 107:1-22; Exodus 24:3-8; Hebrews 12:18-29,Psalm 34*; Exodus 7:8-24; Romans 5:12-21
2021/03/22,"Monday, March 22, 2021",Week of 5th Sunday of Lent,Psalm 73; Jeremiah 21:1–10; John 11:28–44,Psalm 26; Exodus 8:1–19; Hebrews 11:17–31
2021/03/23,"Tuesday, March 23, 2021",Week of 5th Sunday of Lent,"Psalm 35; Jeremiah 22:1–5,22:13–19; John 11:45–end",Psalm 61; Exodus 8:20–end; Hebrews 11:32–12:2
2021/03/24,"Wednesday, March 24, 2021",Week of 5th Sunday of Lent,Psalm 55; Jeremiah 22:20–23:8; John 12:1–11,Psalm 62; Exodus 9:1–12; Hebrews 12:3–13
2021/03/25,"Thursday, March 25, 2021",Week of 5th Sunday of Lent,Psalm 40; Jeremiah 23:9–32; John 12:12–19,Psalm 43; Exodus 9:13–end; Hebrews 12:14–end
2021/03/26,"Friday, March 26, 2021",Week of 5th Sunday of Lent,Psalm 22; Jeremiah 24; John 12:20–36a,Psalm 31; Exodus 10; Hebrews 13:1–16
2021/03/27,"Saturday, March 27, 2021",Week of 5th Sunday of Lent,Psalm 23; Jeremiah 25:1–14; John 12:36b–end,Psalm 130; Exodus 11; Hebrews 13:17–end
2021/03/28,"Sunday, March 28, 2021",Palm Sunday,"Psalm 61,62; Zechariah 9:9-12; 1 Corinthians 2:1-12",Psalm 69:1-20; Isaiah 5:1-7; Mark 12:1-12
2021/03/29,"Monday, March 29, 2021",Monday in Holy Week,Psalm 41; Lamentations 1:1-12a; Luke 22:1-23,Psalm 25; Lamentations 2:8-19; Colossians 1:18-23
2021/03/30,"Tuesday, March 30, 2021",Tuesday in Holy Week,Psalm 27; Lamentations 3:1-18; Luke 22:24-53,Psalm 55:13-24; Lamentations 3:40-51; Galatians 6:11-18
2021/03/31,"Wednesday, March 31, 2021",Wednesday in Holy Week,Psalm 102*; Jeremiah 11:18-20; Luke 22:54-71,Psalm 88; Isaiah 63:1-9; Revelation 14:18-end; Revelation 15:1-4
2021/04/01,"Thursday, April 1, 2021",Maundy Thursday,"Psalm 42,43; Leviticus 16:2-24; Luke 23:1-25",Psalm 39; Exodus 11; Ephesians 2:11-18
2021/04/02,"Friday, April 2, 2021",Good Friday,Psalm 69; Genesis 22:1-18; Hebrews 10:1-10,"Psalm 130,143; Lamentations 5:15-22; Colossians 1:18-23; John 19:38-end"
2021/04/03,"Saturday, April 3, 2021",Holy Saturday,Psalm 142; Hosea 6:1-6; John 2:18-22,Psalm 116; Job 19:21-27; 1 John 5:5-12
2021/04/04,"Sunday, April 4, 2021",Easter day,"Psalm 114,117; Genesis 1:1-5,26-31; 2 Corinthians 5:14–6:2",Psalm 105; Ezekiel 37:1-14; Luke 24:13-35
2021/04/05,"Monday, April 5, 2021",Easter week,Psalm 111; Song of Solomon 1:9–2:7; Mark 16:1–8,Psalm 135; Exodus 12:1–14; 1 Corinthians 15:1–11
2021/04/06,"Tuesday, April 6, 2021",Easter week,Psalm 112; Song of Solomon 2:8–end; Luke 24:1–12,Psalm 136; Exodus 12:14–36; 1 Corinthians 15:12–19
2021/04/07,"Wednesday, April 7, 2021",Easter week,Psalm 113; Song of Solomon 3; Matthew 28:16–end,Psalm 105; Exodus 12:37–end; 1 Corinthians 15:20–28
2021/04/08,"Thursday, April 8, 2021",Easter week,Psalm 114; Song of Solomon 5:2–6:3; Luke 7:11–17,Psalm 106; Exodus 13:1–16; 1 Corinthians 15:29–34
2021/04/09,"Friday, April 9, 2021",Easter week,Psalm 115; Song of Solomon 7:10–8:4; Luke 8:41–end,Psalm 107; Exodus 13:17–14:14; 1 Corinthians 15:35–50
2021/04/10,"Saturday, April 10, 2021",Easter week,Psalm 116; Song of Solomon 8:5–7; John 11:17–44,Psalm 145; Exodus 14:15–end; 1 Corinthians 15:51–end
2021/04/11,"Sunday, April 11, 2021",2nd Sunday of Easter,Psalm 22:20-31; Isaiah 53:6-12; Romans 4:13-25,"Psalm 143:1-12; Isaiah 26:1-9,19; Luke 24:1-12"
2021/04/12,"Monday, April 12, 2021",Week of 2nd Sunday of Easter,Psalm 19; Deuteronomy 1:3–18; John 20:1–10,Psalm 139; Exodus 15:1–21; Colossians 1:1–14
2021/04/13,"Tuesday, April 13, 2021",Week of 2nd Sunday of Easter,Psalm 8; Deuteronomy 1:19–40; John 20:11–18,Psalm 104; Exodus 15:22–16:10; Colossians 1:15–end
2021/04/14,"Wednesday, April 14, 2021",Week of 2nd Sunday of Easter,Psalm 30; Deuteronomy 3:18–end; John 20:19–end,Psalm 33; Exodus 16:11–end; Colossians 2:1–15
2021/04/15,"Thursday, April 15, 2021",Week of 2nd Sunday of Easter,Psalm 28; Deuteronomy 4:1–14; John 21:1–14,Psalm 34; Exodus 17; Colossians 2:16–3:11
2021/04/16,"Friday, April 16, 2021",Week of 2nd Sunday of Easter,Psalm 61; Deuteronomy 4:15–31; John 21:15–19,Psalm 118; Exodus 18:1–12; Colossians 3:12–4:1
2021/04/17,"Saturday, April 17, 2021",Week of 2nd Sunday of Easter,Psalm 84; Deuteronomy 4:32–40; John 21:20–end,Psalm 66; Exodus 18:13–end; Colossians 4:2–end
2021/04/18,"Sunday, April 18, 2021",3rd Sunday of Easter,Psalm 77:11-20; Isaiah 63:7-15; 1 Corinthians 10:1-13,Psalm 142; Deuteronomy 7:7-13; Revelation 2:1-11
2021/04/19,"Monday, April 19, 2021",Week of 3rd Sunday of Easter,Psalm 96; Deuteronomy 5:1–22; Ephesians 1:1–14,Psalm 61; Exodus 19; Luke 1:1–25
2021/04/20,"Tuesday, April 20, 2021",Week of 3rd Sunday of Easter,Psalm 98; Deuteronomy 5:22–end; Ephesians 1:15–end,Psalm 71; Exodus 20:1–21; Luke 1:26–38
2021/04/21,"Wednesday, April 21, 2021",Week of 3rd Sunday of Easter,Psalm 105; Deuteronomy 6; Ephesians 2:1–10,Psalm 72; Exodus 24; Luke 1:39–56
2021/04/22,"Thursday, April 22, 2021",Week of 3rd Sunday of Easter,Psalm 136; Deuteronomy 7:1–11; Ephesians 2:11–end,Psalm 73; Exodus 25:1–22; Luke 1:57–end
2021/04/23,"Friday, April 23, 2021",Week of 3rd Sunday of Easter,Psalm 107; Deuteronomy 7:12–end; Ephesians 3:1–13,"Psalm 77; Exodus 28:1–4a,28:29–38; Luke 2:1–20"
2021/04/24,"Saturday, April 24, 2021",Week of 3rd Sunday of Easter,Psalm 110; Deuteronomy 8; Ephesians 3:14–end,Psalm 27; Exodus 29:1–9; Luke 2:21–40
2021/04/25,"Sunday, April 25, 2021",4th Sunday of Easter,Psalm 119:89-96; Nehemiah 7:73b - 8:12; Luke 24:25-32,Psalm 81:8-16; Exodus 16:4-15; Revelation 2:12-17
2021/04/26,"Monday, April 26, 2021",Week of 4th Sunday of Easter,Psalm 103; Deuteronomy 9:1–21; Ephesians 4:1–16,Psalm 114; Exodus 32:1–14; Luke 2:41–end
2021/04/27,"Tuesday, April 27, 2021",Week of 4th Sunday of Easter,Psalm 139; Deuteronomy 9:23–10:5; Ephesians 4:17–end,Psalm 116; Exodus 32:15–34; Luke 3:1–14
2021/04/28,"Wednesday, April 28, 2021",Week of 4th Sunday of Easter,Psalm 135; Deuteronomy 10:12–end; Ephesians 5:1–14,Psalm 47; Exodus 33; Luke 3:15–22
2021/04/29,"Thursday, April 29, 2021",Week of 4th Sunday of Easter,Psalm 118; Deuteronomy 11:8–end; Ephesians 5:15–end,"Psalm 85; Exodus 34:1–10,34:27–end; Luke 4:1–13"
2021/04/30,"Friday, April 30, 2021",Week of 4th Sunday of Easter,Psalm 33; Deuteronomy 12:1–14; Ephesians 6:1–9,Psalm 36; Exodus 35:20–36:7; Luke 4:14–30
2021/05/01,"Saturday, May 1, 2021",Week of 4th Sunday of Easter,Psalm 34; Deuteronomy 15:1–18; Ephesians 6:10–end,Psalm 84; Exodus 40:17–end; Luke 4:31–37
2021/05/02,"Sunday, May 2, 2021",5th Sunday of Easter,Psalm 44:16-27; Daniel 3:16-28; Hebrews 11:32–12:2,Psalm 96; Isaiah 60:1-14; Revelation 3:1-13
2021/05/03,"Monday, May 3, 2021",Week of 5th Sunday of Easter,Psalm 145; Deuteronomy 16:1–20; 1 Peter 1:1–12,Psalm 105; Numbers 9:15–end; Numbers 10:33–end; Luke 4:38–end
2021/05/04,"Tuesday, May 4, 2021",Week of 5th Sunday of Easter,Psalm 19; Deuteronomy 17:8–end; 1 Peter 1:13–end,Psalm 97; Numbers 11:1–33; Luke 5:1–11
2021/05/05,"Wednesday, May 5, 2021",Week of 5th Sunday of Easter,Psalm 30; Deuteronomy 18:9–end; 1 Peter 2:1–10,Psalm 99; Numbers 12; Luke 5:12–26
2021/05/06,"Thursday, May 6, 2021",Week of 5th Sunday of Easter,Psalm 57; Deuteronomy 19; 1 Peter 2:11–end,"Psalm 104; Numbers 13:1–3,13:17–end; Luke 5:27–end"
2021/05/07,"Friday, May 7, 2021",Week of 5th Sunday of Easter,Psalm 138; Deuteronomy 21:22–22:8; 1 Peter 3:1–12,Psalm 66; Numbers 14:1–25; Luke 6:1–11
2021/05/08,"Saturday, May 8, 2021",Week of 5th Sunday of Easter,Psalm 146; Deuteronomy 24:5–end; 1 Peter 3:13–end,Psalm 118; Numbers 14:26–end; Luke 6:12–26
2021/05/09,"Sunday, May 9, 2021",6th Sunday of Easter,Psalm 104:28-34; Ezekiel 47:1-12; John 21:1-19,Psalm 45; Song of Solomon 4:16–5:2;8:6-7; Revelation 3:14-end
2021/05/10,"Monday, May 10, 2021",Week of 6th Sunday of Easter,Psalm 65; Deuteronomy 26; 1 Peter 4:1–11,Psalm 121; Numbers 16:1–35; Luke 6:27–38
2021/05/11,"Tuesday, May 11, 2021",Week of 6th Sunday of Easter,Psalm 126; Deuteronomy 28:1–14; 1 Peter 4:12–end,Psalm 128; Numbers 16:36–end; Luke 6:39–end
2021/05/12,"Wednesday, May 12, 2021",Week of 6th Sunday of Easter,Psalm 132; Deuteronomy 28:58–end; 1 Peter 5,"Psalm 15,24; Numbers 17:1–11; Luke 7:1–10"
2021/05/13,"Thursday, May 13, 2021",Ascension Day,"Psalm 110,150; Isaiah 52:7-15; Hebrews 7:11-28",Psalm 8; 2 Kings 2:1-15; Revelation 5
2021/05/14,"Friday, May 14, 2021",10 days between Ascension Day and Pentecost,Psalm 81; Deuteronomy 29:2–15; 1 John 1:1–2:6,Psalm 145; Numbers 20:1–13; Luke 7:11–17
2021/05/15,"Saturday, May 15, 2021",10 days between Ascension Day and Pentecost,Psalm 47; Deuteronomy 30; 1 John 2:7–17,Psalm 85; Numbers 21:4–9; Luke 7:18–35
2021/05/16,"Sunday, May 16, 2021",10 days between Ascension Day and Pentecost,Psalm 76; Isaiah 14:3-15; Revelation 14:1-13,Psalm 147:1-12; Isaiah 61; Luke 4:14-21
2021/05/17,"Monday, May 17, 2021",10 days between Ascension Day and Pentecost,Psalm 93; Deuteronomy 31:1–13; 1 John 2:18–end,Psalm 18; Numbers 22:1–35; Luke 7:36–end
2021/05/18,"Tuesday, May 18, 2021",10 days between Ascension Day and Pentecost,Psalm 99; Deuteronomy 31:14–29; 1 John 3:1–10,Psalm 68; Numbers 22:36–23:12; Luke 8:1–15
2021/05/19,"Wednesday, May 19, 2021",10 days between Ascension Day and Pentecost,Psalm 29; Deuteronomy 31:30–32:14; 1 John 3:11–end,Psalm 46; Numbers 23:13–end; Luke 8:16–25
2021/05/20,"Thursday, May 20, 2021",10 days between Ascension Day and Pentecost,Psalm 24; Deuteronomy 32:15–47; 1 John 4:1–6,Psalm 139; Numbers 24; Luke 8:26–39
2021/05/21,"Friday, May 21, 2021",10 days between Ascension Day and Pentecost,Psalm 28; Deuteronomy 33; 1 John 4:7–end,Psalm 147; Numbers 27:12–end; Luke 8:40–end
2021/05/22,"Saturday, May 22, 2021",10 days between Ascension Day and Pentecost,Psalm 43; Deuteronomy 32:48–end; Deuteronomy 34; 1 John 5,Psalm 48; Numbers 32:1–27; Luke 9:1–17
2021/05/23,"Sunday, May 23, 2021",Day of Pentecost,Psalm 145; Isaiah 11:1-9; 1 Corinthians 12:4-13,Psalm 139:1-11; Ezekiel 36:22-28; Acts 2:22-38
2021/05/24,"Monday, May 24, 2021",Week after Pentecost,Psalm 126; Job 1; Romans 1:1–17,Psalm 127; Joshua 1; Luke 9:18–27
2021/05/25,"Tuesday, May 25, 2021",Week after Pentecost,Psalm 132; Job 2; Romans 1:18–end,Psalm 135; Joshua 2; Luke 9:28–36
2021/05/26,"Wednesday, May 26, 2021",Week after Pentecost,Psalm 119:153-end; Job 3; Romans 2:1–16,Psalm 136; Joshua 3; Luke 9:37–50
2021/05/27,"Thursday, May 27, 2021",Week after Pentecost,Psalm 143; Job 4; Romans 2:17–end,Psalm 138; Joshua 4:1–5:1; Luke 9:51–end
2021/05/28,"Friday, May 28, 2021",Week after Pentecost,Psalm 144; Job 5; Romans 3:1–20,Psalm 145; Joshua 5:2–end; Luke 10:1–16
2021/05/29,"Saturday, May 29, 2021",Week after Pentecost,Psalm 147; Job 6; Romans 3:21–end,Psalm 148; Joshua 6:1–20; Luke 10:17–24
2021/05/30,"Sunday, May 30, 2021",Trinity Sunday,"Psalm 33:1-12; Proverbs 8:1-4,22-31; 2 Corinthians 13:5-10,11-13","Psalm 104:1-10; Ezekiel 1:4-10,22-28a; Revelation 4"
2021/05/31,"Monday, May 31, 2021",Trinity,Psalm 1; Job 7; Romans 4:1–12,Psalm 4; Joshua 7:1–15; Luke 10:25–37
2021/06/01,"Tuesday, June 1, 2021",Trinity,Psalm 5; Job 8; Romans 4:13–end,Psalm 9; Joshua 7:16–end; Luke 10:38–end
2021/06/02,"Wednesday, June 2, 2021",Trinity,Psalm 119:1-32; Job 9; Romans 5:1–11,Psalm 11; Joshua 8:1–29; Luke 11:1–13
2021/06/03,"Thursday, June 3, 2021",Trinity,Psalm 15; Job 10; Romans 5:12–end,Psalm 18*; Joshua 8:30–end; Luke 11:14–28
2021/06/04,"Friday, June 4, 2021",Trinity,Psalm 19; Job 11; Romans 6:1–14,Psalm 22; Joshua 9:3–26; Luke 11:29–36
2021/06/05,"Saturday, June 5, 2021",Trinity,Psalm 23; Job 12; Romans 6:15–end,Psalm 24; Joshua 10:1–15; Luke 11:37–end
2021/06/06,"Sunday, June 6, 2021",10th Sunday in Ordinary Time,Psalm 36; Deuteronomy 6:10-25; Acts 22:22–23:11,Psalm 37:1-11; Jeremiah 6:16-21; Romans 9:1-13
2021/06/07,"Monday, June 7, 2021",Week of 10th Sunday in Ordinary Time,Psalm 30; Job 13; Romans 7:1–6,Psalm 28; Joshua 14; Luke 12:1–12
2021/06/08,"Tuesday, June 8, 2021",Week of 10th Sunday in Ordinary Time,Psalm 36; Job 14; Romans 7:7–end,Psalm 33; Joshua 21:43–22:8; Luke 12:13–21
2021/06/09,"Wednesday, June 9, 2021",Week of 10th Sunday in Ordinary Time,Psalm 34; Job 15; Romans 8:1–11,Psalm 119:33-56; Joshua 22:9–end; Luke 12:22–31
2021/06/10,"Thursday, June 10, 2021",Week of 10th Sunday in Ordinary Time,Psalm 37; Job 16:1–17:2; Romans 8:12–17,Psalm 40; Joshua 23; Luke 12:32–40
2021/06/11,"Friday, June 11, 2021",Week of 10th Sunday in Ordinary Time,Psalm 31; Job 17:3–end; Romans 8:18–30,Psalm 35; Joshua 24:1–28; Luke 12:41–48
2021/06/12,"Saturday, June 12, 2021",Week of 10th Sunday in Ordinary Time,Psalm 42; Job 18; Romans 8:31–end,Psalm 46; Joshua 24:29–end; Luke 12:49–end
2021/06/13,"Sunday, June 13, 2021",11th Sunday in Ordinary Time,"Psalm 42,43; Deuteronomy 10:12–11:1; Acts 23:12-35",Psalm 39; Jeremiah 7:1-16; Romans 9:14-26
2021/06/14,"Monday, June 14, 2021",Week of 11th Sunday in Ordinary Time,Psalm 44; Job 19; Romans 9:1–18,Psalm 47; Judges 2; Luke 13:1–9
2021/06/15,"Tuesday, June 15, 2021",Week of 11th Sunday in Ordinary Time,Psalm 48; Job 21; Romans 9:19–end,Psalm 50; Judges 4:1–23; Luke 13:10–21
2021/06/16,"Wednesday, June 16, 2021",Week of 11th Sunday in Ordinary Time,Psalm 119:57-80; Job 22; Romans 10:1–10,Psalm 59; Judges 5; Luke 13:22–end
2021/06/17,"Thursday, June 17, 2021",Week of 11th Sunday in Ordinary Time,Psalm 57; Job 23; Romans 10:11–end,Psalm 62; Judges 6:1–24; Luke 14:1–11
2021/06/18,"Friday, June 18, 2021",Week of 11th Sunday in Ordinary Time,Psalm 51; Job 24; Romans 11:1–12,Psalm 38; Judges 6:25–end; Luke 14:12–24
2021/06/19,"Saturday, June 19, 2021",Week of 11th Sunday in Ordinary Time,Psalm 68; Job 25–26; Romans 11:13–24,Psalm 66; Judges 7; Luke 14:25–end
2021/06/20,"Sunday, June 20, 2021",12th Sunday in Ordinary Time,Psalm 48; Deuteronomy 11:1-15; Acts 27:1-12,Psalm 49; Jeremiah 10:1-16; Romans 11:25-36
2021/06/21,"Monday, June 21, 2021",Week of 12th Sunday in Ordinary Time,Psalm 71; Job 27; Romans 11:25–end,Psalm 72; Judges 8:22–end; Luke 15:1–10
2021/06/22,"Tuesday, June 22, 2021",Week of 12th Sunday in Ordinary Time,Psalm 73; Job 28; Romans 12:1–8,Psalm 74; Judges 9:1–21; Luke 15:11–end
2021/06/23,"Wednesday, June 23, 2021",Week of 12th Sunday in Ordinary Time,Psalm 77; Job 29; Romans 12:9–end,Psalm 119:81-104; Judges 9:22–end; Luke 16:1–18
2021/06/24,"Thursday, June 24, 2021",Week of 12th Sunday in Ordinary Time,Psalm 78:1-39*; Job 30; Romans 13:1–7,Psalm 78:40-end; Judges 11:1–11; Luke 16:19–end
2021/06/25,"Friday, June 25, 2021",Week of 12th Sunday in Ordinary Time,Psalm 55; Job 31; Romans 13:8–end,Psalm 69; Judges 11:29–end; Luke 17:1–10
2021/06/26,"Saturday, June 26, 2021",Week of 12th Sunday in Ordinary Time,Psalm 76; Job 32; Romans 14:1–12,Psalm 84; Judges 12:1–7; Luke 17:11–19
2021/06/27,"Sunday, June 27, 2021",13th Sunday in Ordinary Time,"Psalm 56; Deuteronomy 15:1-11; Acts 27:13-32,33-34",Psalm 53; Jeremiah 11:1-14; Romans 13:1-10
2021/06/28,"Monday, June 28, 2021",Week of 13th Sunday in Ordinary Time,Psalm 80; Job 33; Romans 14:13–end,Psalm 85; Judges 13:1–24; Luke 17:20–end
2021/06/29,"Tuesday, June 29, 2021",Week of 13th Sunday in Ordinary Time,Psalm 89:1-18; Job 38; Romans 15:1–13,Psalm 89:19-end; Judges 14; Luke 18:1–14
2021/06/30,"Wednesday, June 30, 2021",Week of 13th Sunday in Ordinary Time,Psalm 119:105-128; Job 39; Romans 15:14–21,Psalm 91; Judges 15:1–16:3; Luke 18:15–30
2021/07/01,"Thursday, July 1, 2021",Week of 13th Sunday in Ordinary Time,Psalm 92; Job 40; Romans 15:22–end,Psalm 94; Judges 16:4–end; Luke 18:31–end
2021/07/02,"Friday, July 2, 2021",Week of 13th Sunday in Ordinary Time,Psalm 88; Job 41; Romans 16:1–16,Psalm 102; Judges 17; Luke 19:1–10
2021/07/03,"Saturday, July 3, 2021",Week of 13th Sunday in Ordinary Time,Psalm 97; Job 42; Romans 16:17–end,"Psalm 104; Judges 18:1–20,18:27–end; Luke 19:11–27"
2021/07/04,"Sunday, July 4, 2021",14th Sunday in Ordinary Time,Psalm 57; Deuteronomy 24:10–22; Acts 28:1-16,Psalm 64; Jeremiah 20:1-11a; Romans 14:1-17
2021/07/05,"Monday, July 5, 2021",Week of 14th Sunday in Ordinary Time,Psalm 98; Ezekiel 1:1–14; 2 Corinthians 1:1–14,Psalm 105*; 1 Samuel 1:1–20; Luke 19:28–40
2021/07/06,"Tuesday, July 6, 2021",Week of 14th Sunday in Ordinary Time,Psalm 106*; Ezekiel 1:15–2:2; 2 Corinthians 1:15–2:4,Psalm 107*; 1 Samuel 1:21–2:11; Luke 19:41–end
2021/07/07,"Wednesday, July 7, 2021",Week of 14th Sunday in Ordinary Time,Psalm 111; Ezekiel 2:3–3:11; 2 Corinthians 2:5–end,Psalm 119:129-152; 1 Samuel 2:12–26; Luke 20:1–8
2021/07/08,"Thursday, July 8, 2021",Week of 14th Sunday in Ordinary Time,Psalm 115; Ezekiel 3:12–end; 2 Corinthians 3,Psalm 116; 1 Samuel 2:27–end; Luke 20:9–19
2021/07/09,"Friday, July 9, 2021",Week of 14th Sunday in Ordinary Time,Psalm 139; Ezekiel 8; 2 Corinthians 4,Psalm 130; 1 Samuel 3:1–4:1a; Luke 20:20–26
2021/07/10,"Saturday, July 10, 2021",Week of 14th Sunday in Ordinary Time,Psalm 121; Ezekiel 9; 2 Corinthians 5,Psalm 118; 1 Samuel 4:1b–end; Luke 20:27–40
2021/07/11,"Sunday, July 11, 2021",15th Sunday in Ordinary Time,Psalm 65; Deuteronomy 28:1-14; Acts 28:17-31,Psalm 66*; Job 4:1;5:6-27; Romans 15:14-29
2021/07/12,"Monday, July 12, 2021",Week of 15th Sunday in Ordinary Time,Psalm 126; Ezekiel 10:1–19; 2 Corinthians 6:1–7:1,Psalm 127; 1 Samuel 5; Luke 20:41–21:4
2021/07/13,"Tuesday, July 13, 2021",Week of 15th Sunday in Ordinary Time,Psalm 132; Ezekiel 11:14–end; 2 Corinthians 7:2–end,Psalm 135; 1 Samuel 6:1–16; Luke 21:5–19
2021/07/14,"Wednesday, July 14, 2021",Week of 15th Sunday in Ordinary Time,Psalm 119:153-end; Ezekiel 12:1–16; 2 Corinthians 8:1–15,Psalm 136; 1 Samuel 7; Luke 21:20–28
2021/07/15,"Thursday, July 15, 2021",Week of 15th Sunday in Ordinary Time,Psalm 143; Ezekiel 12:17–end; 2 Corinthians 8:16–9:5,Psalm 138; 1 Samuel 8; Luke 21:29–end
2021/07/16,"Friday, July 16, 2021",Week of 15th Sunday in Ordinary Time,Psalm 144; Ezekiel 13:1–16; 2 Corinthians 9:6–end,Psalm 145; 1 Samuel 9:1–14; Luke 22:1–13
2021/07/17,"Saturday, July 17, 2021",Week of 15th Sunday in Ordinary Time,Psalm 147; Ezekiel 14:1–11; 2 Corinthians 10,Psalm 148; 1 Samuel 9:15–10:1; Luke 22:14–23
2021/07/18,"Sunday, July 18, 2021",16th Sunday in Ordinary Time,"Psalm 67,70; Deuteronomy 30:1-10; 1 Peter 3:8-18",Psalm 73*; Job 13:13–14:6; Hebrews 2:5-18
2021/07/19,"Monday, July 19, 2021",Week of 16th Sunday in Ordinary Time,Psalm 1; Ezekiel 14:12–end; 2 Corinthians 11:1–15,Psalm 4; 1 Samuel 10:1–16; Luke 22:24–30
2021/07/20,"Tuesday, July 20, 2021",Week of 16th Sunday in Ordinary Time,Psalm 5; Ezekiel 18:1–20; 2 Corinthians 11:16–end,Psalm 9; 1 Samuel 10:17–end; Luke 22:31–38
2021/07/21,"Wednesday, July 21, 2021",Week of 16th Sunday in Ordinary Time,Psalm 119:1-32; Ezekiel 18:21–32; 2 Corinthians 12,Psalm 11; 1 Samuel 11; Luke 22:39–46
2021/07/22,"Thursday, July 22, 2021",Week of 16th Sunday in Ordinary Time,Psalm 15; Ezekiel 20:1–20; 2 Corinthians 13,Psalm 18*; 1 Samuel 12; Luke 22:47–62
2021/07/23,"Friday, July 23, 2021",Week of 16th Sunday in Ordinary Time,Psalm 19; Ezekiel 20:21–38; James 1:1–11,Psalm 22; 1 Samuel 13:5–18; Luke 22:63–end
2021/07/24,"Saturday, July 24, 2021",Week of 16th Sunday in Ordinary Time,Psalm 23; Ezekiel 24:15–end; James 1:12–end,Psalm 24; 1 Samuel 13:19–14:15; Luke 23:1–12
2021/07/25,"Sunday, July 25, 2021",17th Sunday in Ordinary Time,"Psalm 7,29,117; 2 Kings 1:9-15; Luke 9:46-56",Psalm 94; Jeremiah 26:1-15; Mark 1:14-20
2021/07/26,"Monday, July 26, 2021",Week of 17th Sunday in Ordinary Time,Psalm 30; Ezekiel 28:1–19; James 2:1–13,Psalm 28; 1 Samuel 14:24–46; Luke 23:13–25
2021/07/27,"Tuesday, July 27, 2021",Week of 17th Sunday in Ordinary Time,Psalm 36; Ezekiel 33:1–20; James 2:14–end,Psalm 33; 1 Samuel 15:1–23; Luke 23:26–43
2021/07/28,"Wednesday, July 28, 2021",Week of 17th Sunday in Ordinary Time,Psalm 34; Ezekiel 33:21–end; James 3,Psalm 119:33-56; 1 Samuel 16; Luke 23:44–56a
2021/07/29,"Thursday, July 29, 2021",Week of 17th Sunday in Ordinary Time,Psalm 37; Ezekiel 34:1–16; James 4:1–12,Psalm 40; 1 Samuel 17:1–30; Luke 23:56b–24:12
2021/07/30,"Friday, July 30, 2021",Week of 17th Sunday in Ordinary Time,Psalm 31; Ezekiel 34:17–end; James 4:13–5:6,Psalm 35; 1 Samuel 17:31–54; Luke 24:13–35
2021/07/31,"Saturday, July 31, 2021",Week of 17th Sunday in Ordinary Time,Psalm 42; Ezekiel 36:16–36; James 5:7–end,Psalm 46; 1 Samuel 17:55–18:16; Luke 24:36–end
2021/08/01,"Sunday, August 1, 2021",18th Sunday in Ordinary Time,Psalm 86; Song of Solomon 5:2-16; 2 Peter 1:1-15,Psalm 88*; Job 28; Hebrews 11:17-31
2021/08/02,"Monday, August 2, 2021",Week of 18th Sunday in Ordinary Time,Psalm 44; Ezekiel 37:1–14; Mark 1:1–13,Psalm 47; 1 Samuel 19:1–18; Acts 1:1–14
2021/08/03,"Tuesday, August 3, 2021",Week of 18th Sunday in Ordinary Time,Psalm 48; Ezekiel 37:15–end; Mark 1:14–20,Psalm 50; 1 Samuel 20:1–17; Acts 1:15–end
2021/08/04,"Wednesday, August 4, 2021",Week of 18th Sunday in Ordinary Time,Psalm 119:57-80; Ezekiel 39:21–end; Mark 1:21–28,Psalm 59; 1 Samuel 20:18–end; Acts 2:1–21
2021/08/05,"Thursday, August 5, 2021",Week of 18th Sunday in Ordinary Time,Psalm 57; Ezekiel 43:1–12; Mark 1:29–end,Psalm 62; 1 Samuel 21:1–22:5; Acts 2:22–36
2021/08/06,"Friday, August 6, 2021",Week of 18th Sunday in Ordinary Time,Psalm 51; Ezekiel 44:4–16; Mark 2:1–12,Psalm 38; 1 Samuel 22:6–end; Acts 2:37–end
2021/08/07,"Saturday, August 7, 2021",Week of 18th Sunday in Ordinary Time,Psalm 68; Ezekiel 47:1–12; Mark 2:13–22,Psalm 66; 1 Samuel 23; Acts 3:1–10
2021/08/08,"Sunday, August 8, 2021",19th Sunday in Ordinary Time,Psalm 90; Song of Solomon 8:5-7; 2 Peter 3:8-13,Psalm 91*; Job 39:1–40:4; Hebrews 12:1-17
2021/08/09,"Monday, August 9, 2021",Week of 19th Sunday in Ordinary Time,Psalm 71; Proverbs 1:1–19; Mark 2:23–3:6,Psalm 72; 1 Samuel 24; Acts 3:11–end
2021/08/10,"Tuesday, August 10, 2021",Week of 19th Sunday in Ordinary Time,Psalm 73; Proverbs 1:20–end; Mark 3:7–19a,Psalm 74; 1 Samuel 26; Acts 4:1–12
2021/08/11,"Wednesday, August 11, 2021",Week of 19th Sunday in Ordinary Time,Psalm 77; Proverbs 2; Mark 3:19b–end,Psalm 119:81-104; 1 Samuel 28:3–end; Acts 4:13–31
2021/08/12,"Thursday, August 12, 2021",Week of 19th Sunday in Ordinary Time,Psalm 78:1-39*; Proverbs 3:1–26; Mark 4:1–20,Psalm 78:40-end; 1 Samuel 31; Acts 4:32–5:11
2021/08/13,"Friday, August 13, 2021",Week of 19th Sunday in Ordinary Time,Psalm 55; Proverbs 3:27–4:19; Mark 4:21–34,Psalm 69; 2 Samuel 1; Acts 5:12–26
2021/08/14,"Saturday, August 14, 2021",Week of 19th Sunday in Ordinary Time,Psalm 76; Proverbs 6:1–19; Mark 4:35–end,Psalm 84; 2 Samuel 2:1–11; Acts 5:27–end
2021/08/15,"Sunday, August 15, 2021",20th Sunday in Ordinary Time,Psalm 106:1-10; Jonah 1; 2 Peter 3:14-18,Psalm 100; Exodus 2:23–3:10; Hebrews 13:1-15
2021/08/16,"Monday, August 16, 2021",Week of 20th Sunday in Ordinary Time,Psalm 80; Proverbs 8:1–21; Mark 5:1–20,Psalm 85; 2 Samuel 3:12–end; Acts 6
2021/08/17,"Tuesday, August 17, 2021",Week of 20th Sunday in Ordinary Time,Psalm 89:1-18; Proverbs 8:22–end; Mark 5:21–34,Psalm 89:19-end; 2 Samuel 5:1–12; Acts 7:1–16
2021/08/18,"Wednesday, August 18, 2021",Week of 20th Sunday in Ordinary Time,Psalm 119:105-128; Proverbs 9; Mark 5:35–end,Psalm 91; 2 Samuel 6:1–19; Acts 7:17–43
2021/08/19,"Thursday, August 19, 2021",Week of 20th Sunday in Ordinary Time,Psalm 92; Proverbs 10:1–12; Mark 6:1–13,Psalm 94; 2 Samuel 7:1–17; Acts 7:44–53
2021/08/20,"Friday, August 20, 2021",Week of 20th Sunday in Ordinary Time,Psalm 88; Proverbs 11:1–12; Mark 6:14–29,Psalm 102; 2 Samuel 7:18–end; Acts 7:54–8:3
2021/08/21,"Saturday, August 21, 2021",Week of 20th Sunday in Ordinary Time,Psalm 97; Proverbs 12:10–end; Mark 6:30–44,Psalm 104; 2 Samuel 9; Acts 8:4–25
2021/08/22,"Sunday, August 22, 2021",21th Sunday in Ordinary Time,Psalm 115; Jonah 2; Revelation 1,Psalm 116*; Exodus 4:27–5:1; Hebrews 13:16-21
2021/08/23,"Monday, August 23, 2021",Week of 21th Sunday in Ordinary Time,Psalm 98; Proverbs 14:31–15:17; Mark 6:45–end,Psalm 105*; 2 Samuel 11; Acts 8:26–end
2021/08/24,"Tuesday, August 24, 2021",Week of 21th Sunday in Ordinary Time,Psalm 106*; Proverbs 15:18–end; Mark 7:1–13,Psalm 107*; 2 Samuel 12:1–25; Acts 9:1–19a
2021/08/25,"Wednesday, August 25, 2021",Week of 21th Sunday in Ordinary Time,Psalm 111; Proverbs 18:10–end; Mark 7:14–23,Psalm 119:129-152; 2 Samuel 15:1–12; Acts 9:19b–31
2021/08/26,"Thursday, August 26, 2021",Week of 21th Sunday in Ordinary Time,Psalm 115; Proverbs 20:1–22; Mark 7:24–30,Psalm 116; 2 Samuel 15:13–end; Acts 9:32–end
2021/08/27,"Friday, August 27, 2021",Week of 21th Sunday in Ordinary Time,Psalm 139; Proverbs 22:1–16; Mark 7:31–end,Psalm 130; 2 Samuel 16:1–14; Acts 10:1–16
2021/08/28,"Saturday, August 28, 2021",Week of 21th Sunday in Ordinary Time,Psalm 121; Proverbs 24:23–end; Mark 8:1–10,Psalm 118; 2 Samuel 17:1–23; Acts 10:17–33
2021/08/29,"Sunday, August 29, 2021",22th Sunday in Ordinary Time,Psalm 119:17-40; Jonah 3:1-9; Revelation 3:14-22,Psalm 119:1-16*; Exodus 12:21-27; Matthew 4:23–5:20
2021/08/30,"Monday, August 30, 2021",Week of 22th Sunday in Ordinary Time,Psalm 126; Proverbs 25:1–14; Mark 8:11–21,Psalm 127; 2 Samuel 18:1–18; Acts 10:34–end
2021/08/31,"Tuesday, August 31, 2021",Week of 22th Sunday in Ordinary Time,Psalm 132; Proverbs 25:15–end; Mark 8:22–26,Psalm 135; 2 Samuel 18:19–19:8a; Acts 11:1–18
2021/09/01,"Wednesday, September 1, 2021",Week of 22th Sunday in Ordinary Time,Psalm 119:153-end; Proverbs 26:12–end; Mark 8:27–9:1,Psalm 136; 2 Samuel 19:8b–23; Acts 11:19–end
2021/09/02,"Thursday, September 2, 2021",Week of 22th Sunday in Ordinary Time,Psalm 143; Proverbs 27:1–22; Mark 9:2–13,Psalm 138; 2 Samuel 19:24–end; Acts 12:1–17
2021/09/03,"Friday, September 3, 2021",Week of 22th Sunday in Ordinary Time,"Psalm 144; Proverbs 30:1–9,30:24–31; Mark 9:14–29",Psalm 145; 2 Samuel 23:1–7; Acts 12:18–end
2021/09/04,"Saturday, September 4, 2021",Week of 22th Sunday in Ordinary Time,Psalm 147; Proverbs 31:10–end; Mark 9:30–37,Psalm 148; 2 Samuel 24; Acts 13:1–12
2021/09/05,"Sunday, September 5, 2021",23th Sunday in Ordinary Time,Psalm 119:57-72; Jonah 3:10–4:11; Revelation 8:1-5,Psalm 119:41-56*; Exodus 14:5-31; Matthew 6:1-18
2021/09/06,"Monday, September 6, 2021",Week of 23th Sunday in Ordinary Time,Psalm 1; 1 Chronicles 10:1–11:9; Mark 9:38–end,Psalm 4; 1 Kings 1:5–31; Acts 13:13–43
2021/09/07,"Tuesday, September 7, 2021",Week of 23th Sunday in Ordinary Time,Psalm 5; 1 Chronicles 13; Mark 10:1–16,Psalm 9; 1 Kings 1:32–2:4; 1 Kings 2:10–12; Acts 13:44–14:7
2021/09/08,"Wednesday, September 8, 2021",Week of 23th Sunday in Ordinary Time,Psalm 119:1-32; 1 Chronicles 15:1–16:3; Mark 10:17–31,Psalm 11; 1 Kings 3; Acts 14:8–end
2021/09/09,"Thursday, September 9, 2021",Week of 23th Sunday in Ordinary Time,Psalm 15; 1 Chronicles 17; Mark 10:32–34,Psalm 18*; 1 Kings 4:29–5:12; Acts 15:1–21
2021/09/10,"Friday, September 10, 2021",Week of 23th Sunday in Ordinary Time,Psalm 19; 1 Chronicles 21:1–22:1; Mark 10:35–45,"Psalm 22; 1 Kings 6:1,6:11–28; Acts 15:22–35"
2021/09/11,"Saturday, September 11, 2021",Week of 23th Sunday in Ordinary Time,Psalm 23; 1 Chronicles 22:2–end; Mark 10:46–end,Psalm 24; 1 Kings 8:1–30; Acts 15:36–16:5
2021/09/12,"Sunday, September 12, 2021",24th Sunday in Ordinary Time,Psalm 119:105-120; Isaiah 44:24–45:8; Revelation 12:1-12,Psalm 119:73-88*; Exodus 18:13-26; Matthew 7:1-14
2021/09/13,"Monday, September 13, 2021",Week of 24th Sunday in Ordinary Time,Psalm 30; 1 Chronicles 28:1–10; Mark 11:1–11,Psalm 28; 1 Kings 8:31–62; Acts 16:6–24
2021/09/14,"Tuesday, September 14, 2021",Week of 24th Sunday in Ordinary Time,Psalm 36; 1 Chronicles 28:11–end; Mark 11:12–26,Psalm 33; 1 Kings 8:63–9:9; Acts 16:25–end
2021/09/15,"Wednesday, September 15, 2021",Week of 24th Sunday in Ordinary Time,Psalm 34; 1 Chronicles 29:1–9; Mark 11:27–end,Psalm 119:33-56; 1 Kings 10:1–25; Acts 17:1–15
2021/09/16,"Thursday, September 16, 2021",Week of 24th Sunday in Ordinary Time,Psalm 37; 1 Chronicles 29:10–20; Mark 12:1–12,Psalm 40; 1 Kings 11:1–13; Acts 17:16–end
2021/09/17,"Friday, September 17, 2021",Week of 24th Sunday in Ordinary Time,Psalm 31; 1 Chronicles 29:21–end; Mark 12:13–17,Psalm 35; 1 Kings 11:26–end; Acts 18:1–21
2021/09/18,"Saturday, September 18, 2021",Week of 24th Sunday in Ordinary Time,Psalm 42; 2 Chronicles 1:1–13; Mark 12:18–27,Psalm 46; 1 Kings 12:1–24; Acts 18:22–19:7
2021/09/19,"Sunday, September 19, 2021",25th Sunday in Ordinary Time,Psalm 119:153-176; Isaiah 45:9-22; Revelation 14:1-5,Psalm 119:137-152*; Exodus 19:10-25; Matthew 8:23-34
2021/09/20,"Monday, September 20, 2021",Week of 25th Sunday in Ordinary Time,Psalm 44; 2 Chronicles 2:1–16; Mark 12:28–34,Psalm 47; 1 Kings 12:25–13:10; Acts 19:8–20
2021/09/21,"Tuesday, September 21, 2021",Week of 25th Sunday in Ordinary Time,Psalm 48; 2 Chronicles 3; Mark 12:35–end,Psalm 50; 1 Kings 13:11–end; Acts 19:21–end
2021/09/22,"Wednesday, September 22, 2021",Week of 25th Sunday in Ordinary Time,Psalm 119:57-80; 2 Chronicles 5; Mark 13:1–13,Psalm 59; 1 Kings 17; Acts 20:1–16
2021/09/23,"Thursday, September 23, 2021",Week of 25th Sunday in Ordinary Time,Psalm 57; 2 Chronicles 6:1–21; Mark 13:14–23,Psalm 62; 1 Kings 18:1–20; Acts 20:17–end
2021/09/24,"Friday, September 24, 2021",Week of 25th Sunday in Ordinary Time,Psalm 51; 2 Chronicles 6:22–end; Mark 13:24–31,Psalm 38; 1 Kings 18:21–end; Acts 21:1–16
2021/09/25,"Saturday, September 25, 2021",Week of 25th Sunday in Ordinary Time,Psalm 68; 2 Chronicles 7; Mark 13:32–end,Psalm 66; 1 Kings 19; Acts 21:17–36
2021/09/26,"Sunday, September 26, 2021",26th Sunday in Ordinary Time,Psalm 122; Isaiah 48:12-22; Luke 11:37-54,"Psalm 120,121; Exodus 24; Matthew 9:1-8"
2021/09/27,"Monday, September 27, 2021",Week of 26th Sunday in Ordinary Time,Psalm 71; 2 Chronicles 9:1–12; Mark 14:1–11,Psalm 72; 1 Kings 21; Acts 21:37–22:21
2021/09/28,"Tuesday, September 28, 2021",Week of 26th Sunday in Ordinary Time,Psalm 73; 2 Chronicles 10:1–11:4; Mark 14:12–25,Psalm 74; 1 Kings 22:1–28; Acts 22:22–23:11
2021/09/29,"Wednesday, September 29, 2021",Week of 26th Sunday in Ordinary Time,Psalm 77; 2 Chronicles 12; Mark 14:26–42,Psalm 119:81-104; 1 Kings 22:29–45; Acts 23:12–end
2021/09/30,"Thursday, September 30, 2021",Week of 26th Sunday in Ordinary Time,Psalm 78:1-39*; 2 Chronicles 13:1–14:1; Mark 14:43–52,Psalm 78:40-end; 2 Kings 1:2–17; Acts 24:1–23
2021/10/01,"Friday, October 1, 2021",Week of 26th Sunday in Ordinary Time,Psalm 55; 2 Chronicles 14:2–end; Mark 14:53–65,Psalm 69; 2 Kings 2:1–18; Acts 24:24–25:12
2021/10/02,"Saturday, October 2, 2021",Week of 26th Sunday in Ordinary Time,Psalm 76; 2 Chronicles 15:1–15; Mark 14:66–end,Psalm 84; 2 Kings 4:1–37; Acts 25:13–end
2021/10/03,"Sunday, October 3, 2021",27th Sunday in Ordinary Time,"Psalm 123,124; Isaiah 49:13-23; Luke 12:1-12","Psalm 125,126; Joshua 3:7-17; Matthew 10:1-22"
2021/10/04,"Monday, October 4, 2021",Week of 27th Sunday in Ordinary Time,Psalm 80; 2 Chronicles 17:1–12; Mark 15:1–15,Psalm 85; 2 Kings 5; Acts 26:1–23
2021/10/05,"Tuesday, October 5, 2021",Week of 27th Sunday in Ordinary Time,Psalm 89:1-18; 2 Chronicles 18:1–27; Mark 15:16–32,Psalm 89:19-end; 2 Kings 6:1–23; Acts 26:24–end
2021/10/06,"Wednesday, October 6, 2021",Week of 27th Sunday in Ordinary Time,Psalm 119:105-128; 2 Chronicles 18:28–end; 2 Chronicles 19; Mark 15:33–41,Psalm 91; 2 Kings 9:1–16; Acts 27:1–26
2021/10/07,"Thursday, October 7, 2021",Week of 27th Sunday in Ordinary Time,Psalm 92; 2 Chronicles 20:1–23; Mark 15:42–end,Psalm 94; 2 Kings 9:17–end; Acts 27:27–end
2021/10/08,"Friday, October 8, 2021",Week of 27th Sunday in Ordinary Time,Psalm 88; 2 Chronicles 22:10–end; 2 Chronicles 23; Mark 16:1–8,Psalm 102; 2 Kings 12:1–19; Acts 28:1–16
2021/10/09,"Saturday, October 9, 2021",Week of 27th Sunday in Ordinary Time,Psalm 97; 2 Chronicles 24:1–22; Mark 16:9–end,Psalm 104; 2 Kings 17:1–23; Acts 28:17–end
2021/10/10,"Sunday, October 10, 2021",28th Sunday in Ordinary Time,"Psalm 129,130; Isaiah 50:4-10; Luke 13:22-30",Psalm 127; Joshua 5:13–6:20; Matthew 11:20-30
2021/10/11,"Monday, October 11, 2021",Week of 28th Sunday in Ordinary Time,Psalm 98; 2 Chronicles 26:1–21; John 13:1–11,Psalm 105*; 2 Kings 17:24–end; Philippians 1:1–11
2021/10/12,"Tuesday, October 12, 2021",Week of 28th Sunday in Ordinary Time,Psalm 106*; 2 Chronicles 28; John 13:12–20,Psalm 107*; 2 Kings 18:1–12; Philippians 1:12–end
2021/10/13,"Wednesday, October 13, 2021",Week of 28th Sunday in Ordinary Time,Psalm 111; 2 Chronicles 29:1–19; John 13:21–30,Psalm 119:129-152; 2 Kings 18:13–end; Philippians 2:1–13
2021/10/14,"Thursday, October 14, 2021",Week of 28th Sunday in Ordinary Time,Psalm 115; 2 Chronicles 29:20–end; John 13:31–end,Psalm 116; 2 Kings 19:1–19; Philippians 2:14–end
2021/10/15,"Friday, October 15, 2021",Week of 28th Sunday in Ordinary Time,Psalm 139; 2 Chronicles 30; John 14:1–14,Psalm 130; 2 Kings 19:20–36; Philippians 3:1–4:1
2021/10/16,"Saturday, October 16, 2021",Week of 28th Sunday in Ordinary Time,Psalm 121; 2 Chronicles 32:1–22; John 14:15–end,Psalm 118; 2 Kings 20; Philippians 4:2–end
2021/10/17,"Sunday, October 17, 2021",29th Sunday in Ordinary Time,"Psalm 133,134,137:1-6; Isaiah 54:1-14; Luke 13:31-35",Psalm 141; Joshua 14:6-14; Matthew 12:1-21
2021/10/18,"Monday, October 18, 2021",Week of 29th Sunday in Ordinary Time,Psalm 126; 2 Chronicles 33:1–13; John 15:1–11,Psalm 127; 2 Kings 21:1–18; 1 Timothy 1:1–17
2021/10/19,"Tuesday, October 19, 2021",Week of 29th Sunday in Ordinary Time,Psalm 132; 2 Chronicles 34:1–18; John 15:12–17,Psalm 135; 2 Kings 22:1–23:3; 1 Timothy 1:18–end; 1 Timothy 2
2021/10/20,"Wednesday, October 20, 2021",Week of 29th Sunday in Ordinary Time,Psalm 119:153-end; 2 Chronicles 34:19–end; John 15:18–end,Psalm 136; 2 Kings 23:4–25; 1 Timothy 3
2021/10/21,"Thursday, October 21, 2021",Week of 29th Sunday in Ordinary Time,Psalm 143; 2 Chronicles 35:1–19; John 16:1–15,Psalm 138; 2 Kings 23:36–24:17; 1 Timothy 4
2021/10/22,"Friday, October 22, 2021",Week of 29th Sunday in Ordinary Time,Psalm 144; 2 Chronicles 35:20–36:10; John 16:16–22,Psalm 145; 2 Kings 24:18–25:12; 1 Timothy 5:1–16
2021/10/23,"Saturday, October 23, 2021",Week of 29th Sunday in Ordinary Time,Psalm 147; 2 Chronicles 36:11–end; John 16:23–end,Psalm 148; 2 Kings 25:22–end; 1 Timothy 5:17–end
2021/10/24,"Sunday, October 24, 2021",30th Sunday in Ordinary Time,Psalm 119:89-104; Isaiah 59:9-20; Luke 14:1-14,"Psalm 119:121-136; Eccles 11,12; 2 Timothy 2:1-7"
2021/10/25,"Monday, October 25, 2021",Week of 30th Sunday in Ordinary Time,Psalm 1; Micah 1:1–9; John 17:1–5,Psalm 4; Exodus 22:21–27; Exodus 23:1–17; 1 Timothy 6:1–10
2021/10/26,"Tuesday, October 26, 2021",Week of 30th Sunday in Ordinary Time,Psalm 5; Micah 2; John 17:6–19,Psalm 9; Exodus 29:38–30:16; 1 Timothy 6:11–end
2021/10/27,"Wednesday, October 27, 2021",Week of 30th Sunday in Ordinary Time,Psalm 119:1-32; Micah 3; John 17:20–end,Psalm 11; Leviticus 8; 2 Timothy 1:1–14
2021/10/28,"Thursday, October 28, 2021",Week of 30th Sunday in Ordinary Time,Psalm 15; Micah 4:1–5:1; John 18:1–11,Psalm 18*; Leviticus 9; 2 Timothy 1:15–2:13
2021/10/29,"Friday, October 29, 2021",Week of 30th Sunday in Ordinary Time,Psalm 19; Micah 5:2–end; John 18:12–27,Psalm 22; Leviticus 16:2–24; 2 Timothy 2:14–end
2021/10/30,"Saturday, October 30, 2021",Week of 30th Sunday in Ordinary Time,Psalm 23; Micah 6; John 18:28–end,Psalm 24; Leviticus 17; 2 Timothy 3
2021/10/31,"Sunday, October 31, 2021",4th Sunday before Advent,"Psalm 112,149; Jeremiah 31:31-34; 1 John 3:1-3","Psalm 145*; Daniel 2:1-11,25-48; Revelation 7:9-17"
2021/11/01,"Monday, November 1, 2021",Week of 4th Sunday before Advent,Psalm 2; Isaiah 1:1–20; Matthew 1:18–end,Psalm 92; Daniel 1; Revelation 1
2021/11/02,"Tuesday, November 2, 2021",Week of 4th Sunday before Advent,Psalm 5; Isaiah 1:21–end; Matthew 2:1–15,Psalm 100; Daniel 2:1–24; Revelation 2:1–11
2021/11/03,"Wednesday, November 3, 2021",Week of 4th Sunday before Advent,Psalm 9; Isaiah 2:1–11; Matthew 2:16–end,Psalm 112; Daniel 2:25–end; Revelation 2:12–end
2021/11/04,"Thursday, November 4, 2021",Week of 4th Sunday before Advent,Psalm 15; Isaiah 2:12–end; Matthew 3,Psalm 118; Daniel 3:1–18; Revelation 3:1–13
2021/11/05,"Friday, November 5, 2021",Week of 4th Sunday before Advent,Psalm 16; Isaiah 3:1–15; Matthew 4:1–11,Psalm 143; Daniel 3:19–end; Revelation 3:14–end
2021/11/06,"Saturday, November 6, 2021",Week of 4th Sunday before Advent,Psalm 18:31-end; Isaiah 4:2–5:7; Matthew 4:12–22,Psalm 145; Daniel 4:1–18; Revelation 4
2021/11/07,"Sunday, November 7, 2021",3rd Sunday before Advent,Psalm 136; Micah 4:1-5; Philippians 4:6-9,Psalm 46; Isaiah 10:33–11:9; John 14:1-29
2021/11/08,"Monday, November 8, 2021",Week of 3rd Sunday before Advent,Psalm 20; Isaiah 5:8–24; Matthew 4:23–5:12,Psalm 34; Daniel 4:19–end; Revelation 5
2021/11/09,"Tuesday, November 9, 2021",Week of 3rd Sunday before Advent,Psalm 21; Isaiah 5:25–end; Matthew 5:13–20,Psalm 40; Daniel 5:1–12; Revelation 6
2021/11/10,"Wednesday, November 10, 2021",Week of 3rd Sunday before Advent,Psalm 23; Isaiah 6; Matthew 5:21–37,"Psalm 37; Daniel 5:13–end; Revelation 7:1–4,7:9–end"
2021/11/11,"Thursday, November 11, 2021",Week of 3rd Sunday before Advent,Psalm 26; Isaiah 7:1–17; Matthew 5:38–end,Psalm 43; Daniel 6; Revelation 8
2021/11/12,"Friday, November 12, 2021",Week of 3rd Sunday before Advent,Psalm 32; Isaiah 8:1–15; Matthew 6:1–18,Psalm 31; Daniel 7:1–14; Revelation 9:1–12
2021/11/13,"Saturday, November 13, 2021",Week of 3rd Sunday before Advent,Psalm 33; Isaiah 8:16–9:7; Matthew 6:19–end,Psalm 86; Daniel 7:15–end; Revelation 9:13–end
2021/11/14,"Sunday, November 14, 2021",2nd Sunday before Advent,Psalm 96; 1 Samuel 9:27-10:2a;10:17-26; Matthew 13:31-35,"Psalm 95; Daniel 3:13-30; Matthew 13:24-30,36-43"
2021/11/15,"Monday, November 15, 2021",Week of 2nd Sunday before Advent,Psalm 47; Isaiah 9:8–10:4; Matthew 7:1–12,Psalm 71; Daniel 8:1–14; Revelation 10
2021/11/16,"Tuesday, November 16, 2021",Week of 2nd Sunday before Advent,Psalm 52; Isaiah 10:5–19; Matthew 7:13–end,Psalm 67; Daniel 8:15–end; Revelation 11:1–14
2021/11/17,"Wednesday, November 17, 2021",Week of 2nd Sunday before Advent,Psalm 56; Isaiah 10:20–32; Matthew 8:1–13,Psalm 73; Daniel 9:1–19; Revelation 11:15–end
2021/11/18,"Thursday, November 18, 2021",Week of 2nd Sunday before Advent,Psalm 62; Isaiah 10:33–11:9; Matthew 8:14–22,Psalm 76; Daniel 9:20–end; Revelation 12
2021/11/19,"Friday, November 19, 2021",Week of 2nd Sunday before Advent,Psalm 63; Isaiah 11:10–end; Isaiah 12; Matthew 8:23–end,Psalm 77; Daniel 10:1–11:1; Revelation 13:1–10
2021/11/20,"Saturday, November 20, 2021",Week of 2nd Sunday before Advent,Psalm 78:1-39; Isaiah 13:1–13; Matthew 9:1–17,Psalm 78:40-end; Daniel 12; Revelation 13:11–end
2021/11/21,"Sunday, November 21, 2021",1st Sunday before Advent,"Psalm 29,110; Isaiah 32:1-8; Revelation 3:7-22",Psalm 72*; Daniel 5; John 6:1-15
2021/11/22,"Monday, November 22, 2021",Week of 1st Sunday before Advent,Psalm 96; Isaiah 14:3–20; Matthew 9:18–34,Psalm 80; Isaiah 40:1–11; Revelation 14:1–13
2021/11/23,"Tuesday, November 23, 2021",Week of 1st Sunday before Advent,Psalm 97; Isaiah 17; Matthew 9:35–10:15,Psalm 101; Isaiah 40:12–26; Revelation 14:14–end; Revelation 15
2021/11/24,"Wednesday, November 24, 2021",Week of 1st Sunday before Advent,Psalm 112; Isaiah 19; Matthew 10:16–33,Psalm 122; Isaiah 40:27–41:7; Revelation 16:1–11
2021/11/25,"Thursday, November 25, 2021",Week of 1st Sunday before Advent,Psalm 125; Isaiah 21:1–12; Matthew 10:34–11:1,Psalm 133; Isaiah 41:8–20; Revelation 16:12–end
2021/11/26,"Friday, November 26, 2021",Week of 1st Sunday before Advent,Psalm 139; Isaiah 22:1–14; Matthew 11:2–19,Psalm 146; Isaiah 41:21–42:9; Revelation 17
2021/11/27,"Saturday, November 27, 2021",Week of 1st Sunday before Advent,Psalm 145; Isaiah 24; Matthew 11:20–end,Psalm 150; Isaiah 42:10–17; Revelation 18
2021/11/28,"Sunday, November 28, 2021",,Psalm 44; Isaiah 51:4-11; Romans 13:11-14,Psalm 9*; Joel 3:9-21; Revelation 14:13–15:4
2021/11/29,"Monday, November 29, 2021",Week of 1st Sunday of Advent,Psalm 50; Isaiah 25:1–9; Matthew 12:1–21,Psalm 71; Isaiah 42:18–end; Revelation 19
2021/11/30,"Tuesday, November 30, 2021",Week of 1st Sunday of Advent,Psalm 80; Isaiah 26:1–13; Matthew 12:22–37,Psalm 74; Isaiah 43:1–13; Revelation 20
2021/12/01,"Wednesday, December 1, 2021",Week of 1st Sunday of Advent,Psalm 7; Isaiah 28:1–13; Matthew 12:38–end,Psalm 77; Isaiah 43:14–end; Revelation 21:1–8
2021/12/02,"Thursday, December 2, 2021",Week of 1st Sunday of Advent,Psalm 42; Isaiah 28:14–end; Matthew 13:1–23,Psalm 40; Isaiah 44:1–8; Revelation 21:9–21
2021/12/03,"Friday, December 3, 2021",Week of 1st Sunday of Advent,Psalm 25; Isaiah 29:1–14; Matthew 13:24–43,Psalm 17; Isaiah 44:9–23; Revelation 21:22–22:5
2021/12/04,"Saturday, December 4, 2021",Week of 1st Sunday of Advent,Psalm 9; Isaiah 29:15–end; Matthew 13:44–end,Psalm 27; Isaiah 44:24–45:13; Revelation 22:6–end
2021/12/05,"Sunday, December 5, 2021",2nd Sunday of Advent,Psalm 80; Isaiah 64:1-7; Matthew 11:2-11,Psalm 75; Isaiah 40:1-11; Luke 1:1-25
2021/12/06,"Monday, December 6, 2021",Week of 2nd Sunday of Advent,Psalm 44; Isaiah 30:1–18; Matthew 14:1–12,Psalm 144; Isaiah 45:14–end; 1 Thessalonians 1
2021/12/07,"Tuesday, December 7, 2021",Week of 2nd Sunday of Advent,Psalm 56; Isaiah 30:19–end; Matthew 14:13–end,Psalm 11; Isaiah 46; 1 Thessalonians 2:1–12
2021/12/08,"Wednesday, December 8, 2021",Week of 2nd Sunday of Advent,Psalm 62; Isaiah 31; Matthew 15:1–20,Psalm 10; Isaiah 47; 1 Thessalonians 2:13–end
2021/12/09,"Thursday, December 9, 2021",Week of 2nd Sunday of Advent,Psalm 54; Isaiah 32; Matthew 15:21–28,Psalm 73; Isaiah 48:1–11; 1 Thessalonians 3
2021/12/10,"Friday, December 10, 2021",Week of 2nd Sunday of Advent,Psalm 86; Isaiah 33:1–22; Matthew 15:29–end,Psalm 90; Isaiah 48:12–end; 1 Thessalonians 4:1–12
2021/12/11,"Saturday, December 11, 2021",Week of 2nd Sunday of Advent,Psalm 145; Isaiah 35; Matthew 16:1–12,Psalm 94; Isaiah 49:1–13; 1 Thessalonians 4:13–end
2021/12/12,"Sunday, December 12, 2021",3rd Sunday of Advent,"Psalm 12,14; Isaiah 25:1-9; 1 Corinthians 4:1-5",Psalm 50:1-6; Isaiah 35; Luke 1:57-66
2021/12/13,"Monday, December 13, 2021",Week of 3rd Sunday of Advent,"Psalm 40; Isaiah 38:1–8,38:21–22; Matthew 16:13–end",Psalm 26; Isaiah 49:14–25; 1 Thessalonians 5:1–11
2021/12/14,"Tuesday, December 14, 2021",Week of 3rd Sunday of Advent,Psalm 70; Isaiah 38:9–20; Matthew 17:1–13,Psalm 50; Isaiah 50; 1 Thessalonians 5:12–end
2021/12/15,"Wednesday, December 15, 2021",Week of 3rd Sunday of Advent,Psalm 75; Isaiah 39; Matthew 17:14–21,Psalm 82; Isaiah 51:1–8; 2 Thessalonians 1
2021/12/16,"Thursday, December 16, 2021",Week of 3rd Sunday of Advent,Psalm 76; Zephaniah 1:1–2:3; Matthew 17:22–end,Psalm 44; Isaiah 51:9–16; 2 Thessalonians 2
2021/12/17,"Friday, December 17, 2021",Week of 3rd Sunday of Advent,Psalm 98; Zephaniah 3:1–13; Matthew 18:1–20,Psalm 49; Isaiah 51:17–end; 2 Thessalonians 3
2021/12/18,"Saturday, December 18, 2021",Week of 3rd Sunday of Advent,Psalm 71; Zephaniah 3:14–end; Matthew 18:21–end,Psalm 43; Isaiah 52:1–12; Jude
2021/12/19,"Sunday, December 19, 2021",4th Sunday of Advent,Psalm 144; Isaiah 32:1-8; Revelation 22:6-21,Psalm 123; Isaiah 10:33–11:10; Matthew 1:18-25
2021/12/20,"Monday, December 20, 2021",Week of 4th Sunday of Advent,"Psalm 46; Malachi 1:1,1:6–end; Matthew 19:1–12",Psalm 4; Isaiah 52:13–end; Isaiah 53; 2 Peter 1:1–15
2021/12/21,"Tuesday, December 21, 2021",Week of 4th Sunday of Advent,Psalm 121; Malachi 2:1–16; Matthew 19:13–15,Psalm 84; Isaiah 54; 2 Peter 1:16–2:3
2021/12/22,"Wednesday, December 22, 2021",Week of 4th Sunday of Advent,Psalm 124; Malachi 2:17–3:12; Matthew 19:16–end,Psalm 48; Isaiah 55; 2 Peter 2:4–end
2021/12/23,"Thursday, December 23, 2021",Week of 4th Sunday of Advent,Psalm 130; Malachi 3:13–end; Malachi 4; Matthew 23:1–12,Psalm 89:1-37; Isaiah 56:1–8; 2 Peter 3
2021/12/24,"Friday, December 24, 2021",Christmas eve,Psalm 45; Nahum 1; Matthew 23:13–28,Psalm 85; Zechariah 2; Revelation 1:1-8
2021/12/25,"Saturday, December 25, 2021",Christmas day,Psalm 110; Isaiah 62:1-5; Matthew 1:18-25,Psalm 8; Isaiah 65:17-25; Philippians 2:5-11; Luke 2:1-20
2021/12/26,"Sunday, December 26, 2021","St Stephen, the first Christian Martyr",Psalm 13; Jeremiah 26:12-15; Acts 6,Psalm 86; Genesis 4:1-10; Matthew 23:34-39
2021/12/27,"Monday, December 27, 2021",St John the Evangelist,Psalm 21; Exodus 33:12-23; 1 John 2:1-11,Psalm 97; Isaiah 6:1-8; 1 John 5:1-12
2021/12/28,"Tuesday, December 28, 2021",Holy Innocents,Psalm 36; Genesis 37:13-20; Matthew 18:1-10,Psalm 128; Isaiah 49:14-25; Mark 10:13-16
2021/12/29,"Wednesday, December 29, 2021",Week of 1st Sunday of Christmas,Psalm 19; Jonah 1; Colossians 1:1–14,Psalm 132; Isaiah 57:15–end; John 1:1–18
2021/12/30,"Thursday, December 30, 2021",Week of 1st Sunday of Christmas,Psalm 113; Jonah 2; Colossians 1:15–23,Psalm 65; Isaiah 59:1–15a; John 1:19–28
2021/12/31,"Friday, December 31, 2021",Week of 1st Sunday of Christmas,Psalm 102; Jonah 3; Jonah 4; Colossians 1:24–2:7,Psalm 90; Isaiah 59:15b–end; John 1:29–34
2022/01/01,"Saturday, January 1, 2022",The naming of Jesus,Psalm 103; Genesis 17:1-13; Romans 2:17-29,Psalm 115; Deuteronomy 30:1-20; Acts 3:1-16
2022/01/02,"Sunday, January 2, 2022",2nd Sunday of Christmas,Psalm 87; Isaiah 12; 1 Thes 2:1-8,Psalm 135; 1 Samuel 1:20-end; 1 John 4:7-16
2022/01/03,"Monday, January 3, 2022",Week of 2nd Sunday of Christmas,Psalm 127; Ruth 2; Colossians 3:1–11,Psalm 2; Isaiah 60:13–end; John 1:43–end
2022/01/04,"Tuesday, January 4, 2022",Week of 2nd Sunday of Christmas,Psalm 89:1-37; Ruth 3; Colossians 3:12–4:1,Psalm 87; Isaiah 61; John 2:1–12
2022/01/05,"Wednesday, January 5, 2022",Week of 2nd Sunday of Christmas,Psalm 48; Ruth 4:1–17; Colossians 4:2–end,Psalm 97; Isaiah 49:1-13; John 4:7-26
2022/01/06,"Thursday, January 6, 2022",The Epiphany,Psalm 132; Jeremiah 31:7-14; John 1:29-34,"Psalm 98,100; Isaiah 60:1-9; John 2:1-11"
2022/01/07,"Friday, January 7, 2022",Week of 2nd Sunday of Christmas,Psalm 99; Jeremiah 23:1–8; Matthew 20:1–16,Psalm 118; Isaiah 63:7–end; 1 John 3
2022/01/08,"Saturday, January 8, 2022",Week of 2nd Sunday of Christmas,Psalm 46; Jeremiah 30:1–17; Matthew 20:17–28,Psalm 36; Isaiah 61; Titus 2:11-14;Titus 3:4-7
2022/01/09,"Sunday, January 9, 2022",The Baptism of the Lord,Psalm 89:19-29; Isaiah 42:1-9; Acts 19:1-7,"Psalm 46,47; Isaiah 55:1-11; Romans 6:1-11"
2022/01/10,"Monday, January 10, 2022",Week of 1st Sunday after the Epiphany,Psalm 2; Genesis 1:1–19; Matthew 21:1–17,Psalm 34; Amos 1; 1 Corinthians 1:1–17
2022/01/11,"Tuesday, January 11, 2022",Week of 1st Sunday after the Epiphany,Psalm 9; Genesis 1:20–2:3; Matthew 21:18–32,Psalm 45; Amos 2; 1 Corinthians 1:18–end
2022/01/12,"Wednesday, January 12, 2022",Week of 1st Sunday after the Epiphany,Psalm 20; Genesis 2:4–end; Matthew 21:33–end,Psalm 47; Amos 3; 1 Corinthians 2
2022/01/13,"Thursday, January 13, 2022",Week of 1st Sunday after the Epiphany,Psalm 21; Genesis 3; Matthew 22:1–14,Psalm 61; Amos 4; 1 Corinthians 3
2022/01/14,"Friday, January 14, 2022",Week of 1st Sunday after the Epiphany,"Psalm 67; Genesis 4:1–16,4:25–26; Matthew 22:15–33",Psalm 68; Amos 5:1–17; 1 Corinthians 4
2022/01/15,"Saturday, January 15, 2022",Week of 1st Sunday after the Epiphany,Psalm 33; Genesis 6:1–10; Matthew 22:34–end,Psalm 85; Amos 5:18–end; 1 Corinthians 5
2022/01/16,"Sunday, January 16, 2022",2nd Sunday after the Epiphany,Psalm 145:1-13; Isaiah 49:1-7; Acts 16:11-15,Psalm 96; 1 Samuel 3:1-20; Ephesians 4:1-16
2022/01/17,"Monday, January 17, 2022",Week of 2nd Sunday after the Epiphany,Psalm 146; Genesis 6:11–7:10; Matthew 24:1–14,Psalm 71; Amos 6; 1 Corinthians 6:1–11
2022/01/18,"Tuesday, January 18, 2022",Week of 2nd Sunday after the Epiphany,Psalm 132; Genesis 7:11–end; Matthew 24:15–28,Psalm 89:1-37; Amos 7; 1 Corinthians 6:12–end
2022/01/19,"Wednesday, January 19, 2022",Week of 2nd Sunday after the Epiphany,Psalm 81; Genesis 8:1–14; Matthew 24:29–end,Psalm 97; Amos 8; 1 Corinthians 7:1–24
2022/01/20,"Thursday, January 20, 2022",Week of 2nd Sunday after the Epiphany,Psalm 76; Genesis 8:15–9:7; Matthew 25:1–13,Psalm 111; Amos 9; 1 Corinthians 7:25–end
2022/01/21,"Friday, January 21, 2022",Week of 2nd Sunday after the Epiphany,Psalm 27; Genesis 9:8–19; Matthew 25:14–30,Psalm 73; Hosea 1:1–2:1; 1 Corinthians 8
2022/01/22,"Saturday, January 22, 2022",Week of 2nd Sunday after the Epiphany,Psalm 122; Genesis 11:1–9; Matthew 25:31–end,Psalm 61; Hosea 2:2–17; 1 Corinthians 9:1–14
2022/01/23,"Sunday, January 23, 2022",3rd Sunday after the Ephiphany,Psalm 113; Deuteronomy 30:11-15; 3 John 1:5-8,Psalm 33; Numbers 9:15-23; 1 Corinthians 7:17-24
2022/01/24,"Monday, January 24, 2022",Week of 3rd Sunday after the Ephiphany,Psalm 108; Genesis 11:27–12:9; Matthew 26:1–16,Psalm 149; Isaiah 49:1-13; Acts 22:3-16
2022/01/25,"Tuesday, January 25, 2022",The Conversion of Saint Paul,"Psalm 66,147:12-20; Ezekiel 3:22-27; Philippians 3:1-14",Psalm 119:41-56; Isaiah 56:1-8; Colossians 1:24-end; Colossians 2:1-7;
2022/01/26,"Wednesday, January 26, 2022",Week of 3rd Sunday after the Ephiphany,Psalm 46; Genesis 14; Matthew 26:36–46,Psalm 29; Hosea 5:1–7; 1 Corinthians 10:14–11:1
2022/01/27,"Thursday, January 27, 2022",Week of 3rd Sunday after the Ephiphany,Psalm 47; Genesis 15; Matthew 26:47–56,Psalm 24; Hosea 5:8–6:6; 1 Corinthians 11:2–16
2022/01/28,"Friday, January 28, 2022",Week of 3rd Sunday after the Ephiphany,Psalm 65; Genesis 16; Matthew 26:57–end,Psalm 67; Hosea 6:7–7:2; 1 Corinthians 11:17–end
2022/01/29,"Saturday, January 29, 2022",Week of 3rd Sunday after the Ephiphany,Psalm 68; Genesis 17:1–22; Matthew 27:1–10,Psalm 72; Hosea 8; 1 Corinthians 12:1–11
2022/01/30,"Sunday, January 30, 2022",4th Sunday after the Ephiphany,"Psalm 71:1-6,15-17; Micah 6:1-8; 1 Corinthians 6:12-20",Psalm 34; 1 Chronicles on 29:6-19; Acts 7:44-50
2022/01/31,"Monday, January 31, 2022",Week of 4th Sunday after the Ephiphany,Psalm 57; Genesis 18:1–15; Matthew 27:11–26,Psalm 20; Hosea 9; 1 Corinthians 12:12–end
2022/02/01,"Tuesday, February 1, 2022",Week of 4th Sunday after the Ephiphany,Psalm 93; Genesis 18:16–end; Matthew 27:27–44,Psalm 118; 1 Samuel 1:19b-28; Hebrews 4:11-16
2022/02/02,"Wednesday, February 2, 2022",Presentation of Jesus at the Temple,"Psalm 48,146; Exodus 13:1-16; Rom 12:1-5","Psalm 122,123; Haggai 2:1-9; John 2:18-22"
2022/02/03,"Thursday, February 3, 2022",Week of 4th Sunday after the Ephiphany,Psalm 110; Genesis 21:1–21; Matthew 27:57–end,Psalm 86; Hosea 11:12–end; Hosea 12; 1 Corinthians 14:20–end
2022/02/04,"Friday, February 4, 2022",Week of 4th Sunday after the Ephiphany,Psalm 115; Genesis 22:1–19; Matthew 28:1–15,Psalm 147; Hosea 13:1–14; 1 Corinthians 16:1–9
2022/02/05,"Saturday, February 5, 2022",Week of 4th Sunday after the Ephiphany,Psalm 118; Genesis 23; Matthew 28:16–end,Psalm 150; Hosea 14; 1 Corinthians 16:10-end
2022/02/06,"Sunday, February 6, 2022",4th Sunday before Lent,"Psalm 3,4; Jeremiah 26:1-16; Acts 3:1-10",Psalm 2; Hosea 1; Colossians 3:1-22
2022/02/07,"Monday, February 7, 2022",Week of 4th Sunday before Lent,"Psalm 30; Leviticus 19:1–18,19:30–end; 1 Timothy 1:1–17",Psalm 28; 1 Chronicles 28:1–10; John 15:1–11
2022/02/08,"Tuesday, February 8, 2022",Week of 4th Sunday before Lent,Psalm 36; Leviticus 23:1–22; 1 Timothy 1:18–end; 1 Timothy 2,Psalm 33; 1 Chronicles 28:11–end; John 15:12–17
2022/02/09,"Wednesday, February 9, 2022",Week of 4th Sunday before Lent,Psalm 34; Leviticus 23:23–end; 1 Timothy 3,Psalm 119:33-56; 1 Chronicles 29:1–9; John 15:18–end
2022/02/10,"Thursday, February 10, 2022",Week of 4th Sunday before Lent,Psalm 37; Leviticus 24:1–9; 1 Timothy 4,Psalm 40; 1 Chronicles 29:10–20; John 16:1–15
2022/02/11,"Friday, February 11, 2022",Week of 4th Sunday before Lent,Psalm 31; Leviticus 25:1–24; 1 Timothy 5:1–16,Psalm 35; 1 Chronicles 29:21–end; John 16:16–22
2022/02/12,"Saturday, February 12, 2022",Week of 4th Sunday before Lent,"Psalm 42; Numbers 6:1–5,6:21–end; 1 Timothy 5:17–end",Psalm 46; 2 Chronicles 1:1–13; John 16:23–end
2022/02/13,"Sunday, February 13, 2022",3rd Sunday before Lent,"Psalm 7; Jeremiah 30:1-3,10-22; Acts 6","Psalm 6; Hosea 10:1-8,12; Galatians 4:8-20"
2022/02/14,"Monday, February 14, 2022",Week of 3rd Sunday before Lent,Psalm 44; Genesis 24:1–28; 1 Timothy 6:1–10,Psalm 47; 2 Chronicles 2:1–16; John 17:1–5
2022/02/15,"Tuesday, February 15, 2022",Week of 3rd Sunday before Lent,Psalm 48; Genesis 24:29–end; 1 Timothy 6:11–end,Psalm 50; 2 Chronicles 3; John 17:6–19
2022/02/16,"Wednesday, February 16, 2022",Week of 3rd Sunday before Lent,"Psalm 119:57-80; Genesis 25:7–11,25:19–end; 2 Timothy 1:1–14",Psalm 59; 2 Chronicles 5; John 17:20–end
2022/02/17,"Thursday, February 17, 2022",Week of 3rd Sunday before Lent,Psalm 57; Genesis 26:34–27:40; 2 Timothy 1:15–2:13,Psalm 62; 2 Chronicles 6:1–21; John 18:1–11
2022/02/18,"Friday, February 18, 2022",Week of 3rd Sunday before Lent,Psalm 51; Genesis 27:41–end; Genesis 28; 2 Timothy 2:14–end,Psalm 38; 2 Chronicles 6:22–end; John 18:12–27
2022/02/19,"Saturday, February 19, 2022",Week of 3rd Sunday before Lent,Psalm 68; Genesis 29:1–30; 2 Timothy 3,Psalm 66; 2 Chronicles 7; John 18:28–end
2022/02/20,"Sunday, February 20, 2022",2nd Sunday before Lent,Psalm 104:1-26; Jeremiah 28:1-11; Acts 14:8-17,Psalm 147; Genesis 1:1-2:3; Matthew 6:25-end
2022/02/21,"Monday, February 21, 2022",Week of 2nd Sunday before Lent,Psalm 71; Genesis 29:31–30:24; 2 Timothy 4:1–8,Psalm 72; 2 Chronicles 9:1–12; John 19:1–16
2022/02/22,"Tuesday, February 22, 2022",Week of 2nd Sunday before Lent,Psalm 73; Genesis 31:1–24; 2 Timothy 4:9–end,Psalm 74; 2 Chronicles 10:1–11:4; John 19:17–30
2022/02/23,"Wednesday, February 23, 2022",Week of 2nd Sunday before Lent,Psalm 77; Genesis 31:25–32:2; Titus 1,Psalm 119:81-104; 2 Chronicles 12; John 19:31–end
2022/02/24,"Thursday, February 24, 2022",Week of 2nd Sunday before Lent,Psalm 78:1-39*; Genesis 32:3–30; Titus 2,Psalm 78:40-end; 2 Chronicles 13:1–14:1; John 20:1–10
2022/02/25,"Friday, February 25, 2022",Week of 2nd Sunday before Lent,Psalm 55; Genesis 33:1–17; Titus 3,Psalm 69; 2 Chronicles 14:2–end; John 20:11–18
2022/02/26,"Saturday, February 26, 2022",Week of 2nd Sunday before Lent,Psalm 76; Genesis 35; Philemon,Psalm 84; 2 Chronicles 15:1–15; John 20:19–end
2022/02/27,"Sunday, February 27, 2022",The Sunday before Lent,Psalm 104:1-26; Jeremiah 28:1-11; Acts 14:8-17,Psalm 147; Genesis 1:1-2:3; Matthew 6:25-end
2022/02/28,"Monday, February 28, 2022",Week of the Sunday before Lent,Psalm 80; Genesis 37:1–11; Galatians 1,Psalm 85; Jeremiah 1; John 3:1–21
2022/03/01,"Tuesday, March 1, 2022",Shrove Tuesday,Psalm 89:1-18; Genesis 37:12–end; Galatians 2:1–10,Psalm 89:19-end; Jeremiah 2:1–13; John 3:22–end
2022/03/02,"Wednesday, March 2, 2022",Ash Wednesday,"Psalm 38; Daniel 9:3-6,17-19; 1 Timothy 6:6-19",Psalm 51; Isaiah 1:10-18; Luke 15:11-32
2022/03/03,"Thursday, March 3, 2022",1st day of Lent,Psalm 77; Genesis 39; Galatians 2:11–end,Psalm 74; Jeremiah 2:14–32; John 4:1–26
2022/03/04,"Friday, March 4, 2022",2nd day of Lent,Psalm 3; Genesis 40; Galatians 3:1–14,Psalm 31; Jeremiah 3:6–22; John 4:27–42
2022/03/05,"Saturday, March 5, 2022",3rd day of Lent,Psalm 71; Genesis 41:1–24; Galatians 3:15–22,Psalm 73; Jeremiah 4:1–18; John 4:43–end
2022/03/06,"Sunday, March 6, 2022",1st Sunday of Lent,Psalm 50:1-15; Micah 6:1-8; Luke 5:27-39,Psalm 119:73-88; Jonah 3; Luke 18:9-14
2022/03/07,"Monday, March 7, 2022",Week of 1st Sunday of Lent,Psalm 11; Genesis 41:25–45; Galatians 3:23–4:7,Psalm 13; Jeremiah 4:19–end; John 5:1–18
2022/03/08,"Tuesday, March 8, 2022",Week of 1st Sunday of Lent,Psalm 44; Genesis 41:46–42:5; Galatians 4:8–20,Psalm 49; Jeremiah 5:1–19; John 5:19–29
2022/03/09,"Wednesday, March 9, 2022",Week of 1st Sunday of Lent,Psalm 6; Genesis 42:6–17; Galatians 4:21–5:1,Psalm 28; Jeremiah 5:20–end; John 5:30–end
2022/03/10,"Thursday, March 10, 2022",Week of 1st Sunday of Lent,Psalm 42; Genesis 42:18–28; Galatians 5:2–15,Psalm 142; Jeremiah 6:9–21; John 6:1–15
2022/03/11,"Friday, March 11, 2022",Week of 1st Sunday of Lent,Psalm 22; Genesis 42:29–end; Galatians 5:16–end,Psalm 55; Jeremiah 6:22–end; John 6:16–27
2022/03/12,"Saturday, March 12, 2022",Week of 1st Sunday of Lent,Psalm 63; Genesis 43:1–15; Galatians 6,Psalm 4; Jeremiah 7:1–20; John 6:27–40
2022/03/13,"Sunday, March 13, 2022",2nd Sunday of Lent,"Psalm 119:161-176; Genesis 17:1-7,15-16; Romans 11:13-24","Psalm 135; Jeremiah 22:1-9,13-17; Luke 14:27-33"
2022/03/14,"Monday, March 14, 2022",Week of 2nd Sunday of Lent,Psalm 32; Genesis 43:16–end; Hebrews 1,Psalm 17; Jeremiah 7:21–end; John 6:41–51
2022/03/15,"Tuesday, March 15, 2022",Week of 2nd Sunday of Lent,Psalm 50; Genesis 44:1–17; Hebrews 2:1–9,Psalm 64; Jeremiah 8:1–15; John 6:52–59
2022/03/16,"Wednesday, March 16, 2022",Week of 2nd Sunday of Lent,Psalm 35; Genesis 44:18–end; Hebrews 2:10–end,Psalm 39; Jeremiah 8:18–9:11; John 6:60–end
2022/03/17,"Thursday, March 17, 2022",Week of 2nd Sunday of Lent,Psalm 34; Genesis 45:1–15; Hebrews 3:1–6,Psalm 59; Jeremiah 9:12–24; John 7:1–13